category,block_id,value_a,value_b,coincidence
Bacon,0,1,1,95.6161616162
Bacon,0,1,2,49.1414141414
Bacon,0,1,3,22.0101010101
Bacon,0,1,4,8.4141414141
Bacon,0,1,5,26.9898989899
Bacon,0,1,6,7.3838383838
Bacon,0,1,7,4.4444444444
Bacon,0,2,1,49.1414141414
Bacon,0,2,2,24.9292929293
Bacon,0,2,3,12.404040404
Bacon,0,2,4,4.3333333333
Bacon,0,2,5,15.3232323232
Bacon,0,2,6,4.1515151515
Bacon,0,2,7,2.7171717172
Bacon,0,3,1,22.0101010101
Bacon,0,3,2,12.404040404
Bacon,0,3,3,6.2424242424
Bacon,0,3,4,2.101010101
Bacon,0,3,5,8.3131313131
Bacon,0,3,6,2.404040404
Bacon,0,3,7,1.5252525253
Bacon,0,4,1,8.4141414141
Bacon,0,4,2,4.3333333333
Bacon,0,4,3,2.101010101
Bacon,0,4,4,0.6060606061
Bacon,0,4,5,2.4949494949
Bacon,0,4,6,0.696969697
Bacon,0,4,7,0.3535353535
Bacon,0,5,1,26.9898989899
Bacon,0,5,2,15.3232323232
Bacon,0,5,3,8.3131313131
Bacon,0,5,4,2.4949494949
Bacon,0,5,5,9.8383838384
Bacon,0,5,6,3.0404040404
Bacon,0,5,7,2.0
Bacon,0,6,1,7.3838383838
Bacon,0,6,2,4.1515151515
Bacon,0,6,3,2.404040404
Bacon,0,6,4,0.696969697
Bacon,0,6,5,3.0404040404
Bacon,0,6,6,0.7474747475
Bacon,0,6,7,0.5757575758
Bacon,0,7,1,4.4444444444
Bacon,0,7,2,2.7171717172
Bacon,0,7,3,1.5252525253
Bacon,0,7,4,0.3535353535
Bacon,0,7,5,2.0
Bacon,0,7,6,0.5757575758
Bacon,0,7,7,0.3838383838
Bacon,1,1,1,44.8131868132
Bacon,1,1,2,29.7472527473
Bacon,1,1,3,17.5824175824
Bacon,1,1,4,9.2747252747
Bacon,1,1,5,20.5714285714
Bacon,1,1,6,9.2307692308
Bacon,1,1,7,4.7802197802
Bacon,1,2,1,29.7472527473
Bacon,1,2,2,23.2307692308
Bacon,1,2,3,13.6373626374
Bacon,1,2,4,7.2637362637
Bacon,1,2,5,18.4835164835
Bacon,1,2,6,7.4945054945
Bacon,1,2,7,4.1428571429
Bacon,1,3,1,17.5824175824
Bacon,1,3,2,13.6373626374
Bacon,1,3,3,7.0989010989
Bacon,1,3,4,4.1758241758
Bacon,1,3,5,10.1098901099
Bacon,1,3,6,4.0659340659
Bacon,1,3,7,2.3296703297
Bacon,1,4,1,9.2747252747
Bacon,1,4,2,7.2637362637
Bacon,1,4,3,4.1758241758
Bacon,1,4,4,2.2197802198
Bacon,1,4,5,5.5164835165
Bacon,1,4,6,2.0879120879
Bacon,1,4,7,1.4615384615
Bacon,1,5,1,20.5714285714
Bacon,1,5,2,18.4835164835
Bacon,1,5,3,10.1098901099
Bacon,1,5,4,5.5164835165
Bacon,1,5,5,13.8901098901
Bacon,1,5,6,6.0989010989
Bacon,1,5,7,3.3296703297
Bacon,1,6,1,9.2307692308
Bacon,1,6,2,7.4945054945
Bacon,1,6,3,4.0659340659
Bacon,1,6,4,2.0879120879
Bacon,1,6,5,6.0989010989
Bacon,1,6,6,2.7692307692
Bacon,1,6,7,1.2527472527
Bacon,1,7,1,4.7802197802
Bacon,1,7,2,4.1428571429
Bacon,1,7,3,2.3296703297
Bacon,1,7,4,1.4615384615
Bacon,1,7,5,3.3296703297
Bacon,1,7,6,1.2527472527
Bacon,1,7,7,0.7032967033
Barista_Milk,0,1,1,6.0186915888
Barista_Milk,0,1,2,10.046728972
Barista_Milk,0,1,3,7.2429906542
Barista_Milk,0,1,4,4.1401869159
Barista_Milk,0,1,5,12.0373831776
Barista_Milk,0,1,6,9.3551401869
Barista_Milk,0,1,7,4.1588785047
Barista_Milk,0,2,1,10.046728972
Barista_Milk,0,2,2,15.7757009346
Barista_Milk,0,2,3,11.9813084112
Barista_Milk,0,2,4,7.2242990654
Barista_Milk,0,2,5,19.8878504673
Barista_Milk,0,2,6,16.5607476636
Barista_Milk,0,2,7,8.523364486
Barista_Milk,0,3,1,7.2429906542
Barista_Milk,0,3,2,11.9813084112
Barista_Milk,0,3,3,8.0934579439
Barista_Milk,0,3,4,5.3644859813
Barista_Milk,0,3,5,14.6822429907
Barista_Milk,0,3,6,12.2429906542
Barista_Milk,0,3,7,6.3925233645
Barista_Milk,0,4,1,4.1401869159
Barista_Milk,0,4,2,7.2242990654
Barista_Milk,0,4,3,5.3644859813
Barista_Milk,0,4,4,3.214953271
Barista_Milk,0,4,5,9.6074766355
Barista_Milk,0,4,6,8.4392523364
Barista_Milk,0,4,7,5.0093457944
Barista_Milk,0,5,1,12.0373831776
Barista_Milk,0,5,2,19.8878504673
Barista_Milk,0,5,3,14.6822429907
Barista_Milk,0,5,4,9.6074766355
Barista_Milk,0,5,5,26.9906542056
Barista_Milk,0,5,6,23.8411214953
Barista_Milk,0,5,7,13.953271028
Barista_Milk,0,6,1,9.3551401869
Barista_Milk,0,6,2,16.5607476636
Barista_Milk,0,6,3,12.2429906542
Barista_Milk,0,6,4,8.4392523364
Barista_Milk,0,6,5,23.8411214953
Barista_Milk,0,6,6,20.5981308411
Barista_Milk,0,6,7,13.9626168224
Barista_Milk,0,7,1,4.1588785047
Barista_Milk,0,7,2,8.523364486
Barista_Milk,0,7,3,6.3925233645
Barista_Milk,0,7,4,5.0093457944
Barista_Milk,0,7,5,13.953271028
Barista_Milk,0,7,6,13.9626168224
Barista_Milk,0,7,7,10.0
Barista_Milk,1,1,1,3.0196078431
Barista_Milk,1,1,2,6.4803921569
Barista_Milk,1,1,3,5.6470588235
Barista_Milk,1,1,4,2.0
Barista_Milk,1,1,5,5.1470588235
Barista_Milk,1,1,6,5.0294117647
Barista_Milk,1,1,7,2.6764705882
Barista_Milk,1,2,1,6.4803921569
Barista_Milk,1,2,2,13.0784313725
Barista_Milk,1,2,3,12.5784313725
Barista_Milk,1,2,4,4.5490196078
Barista_Milk,1,2,5,13.0490196078
Barista_Milk,1,2,6,13.6176470588
Barista_Milk,1,2,7,6.6470588235
Barista_Milk,1,3,1,5.6470588235
Barista_Milk,1,3,2,12.5784313725
Barista_Milk,1,3,3,14.9215686275
Barista_Milk,1,3,4,5.8235294118
Barista_Milk,1,3,5,19.1274509804
Barista_Milk,1,3,6,19.3039215686
Barista_Milk,1,3,7,10.5980392157
Barista_Milk,1,4,1,2.0
Barista_Milk,1,4,2,4.5490196078
Barista_Milk,1,4,3,5.8235294118
Barista_Milk,1,4,4,1.9019607843
Barista_Milk,1,4,5,7.2450980392
Barista_Milk,1,4,6,7.3725490196
Barista_Milk,1,4,7,4.1078431373
Barista_Milk,1,5,1,5.1470588235
Barista_Milk,1,5,2,13.0490196078
Barista_Milk,1,5,3,19.1274509804
Barista_Milk,1,5,4,7.2450980392
Barista_Milk,1,5,5,26.1568627451
Barista_Milk,1,5,6,27.1666666667
Barista_Milk,1,5,7,16.1078431373
Barista_Milk,1,6,1,5.0294117647
Barista_Milk,1,6,2,13.6176470588
Barista_Milk,1,6,3,19.3039215686
Barista_Milk,1,6,4,7.3725490196
Barista_Milk,1,6,5,27.1666666667
Barista_Milk,1,6,6,27.2549019608
Barista_Milk,1,6,7,15.2549019608
Barista_Milk,1,7,1,2.6764705882
Barista_Milk,1,7,2,6.6470588235
Barista_Milk,1,7,3,10.5980392157
Barista_Milk,1,7,4,4.1078431373
Barista_Milk,1,7,5,16.1078431373
Barista_Milk,1,7,6,15.2549019608
Barista_Milk,1,7,7,9.6078431373
Bratwurst,0,1,1,13.8666666667
Bratwurst,0,1,2,16.980952381
Bratwurst,0,1,3,9.2952380952
Bratwurst,0,1,4,5.3523809524
Bratwurst,0,1,5,12.9142857143
Bratwurst,0,1,6,6.8380952381
Bratwurst,0,1,7,3.7523809524
Bratwurst,0,2,1,16.980952381
Bratwurst,0,2,2,20.2285714286
Bratwurst,0,2,3,12.0571428571
Bratwurst,0,2,4,7.4095238095
Bratwurst,0,2,5,18.3142857143
Bratwurst,0,2,6,9.780952381
Bratwurst,0,2,7,5.2285714286
Bratwurst,0,3,1,9.2952380952
Bratwurst,0,3,2,12.0571428571
Bratwurst,0,3,3,7.3904761905
Bratwurst,0,3,4,4.9047619048
Bratwurst,0,3,5,12.7142857143
Bratwurst,0,3,6,7.0952380952
Bratwurst,0,3,7,3.5428571429
Bratwurst,0,4,1,5.3523809524
Bratwurst,0,4,2,7.4095238095
Bratwurst,0,4,3,4.9047619048
Bratwurst,0,4,4,3.2
Bratwurst,0,4,5,8.980952381
Bratwurst,0,4,6,4.7523809524
Bratwurst,0,4,7,2.4
Bratwurst,0,5,1,12.9142857143
Bratwurst,0,5,2,18.3142857143
Bratwurst,0,5,3,12.7142857143
Bratwurst,0,5,4,8.980952381
Bratwurst,0,5,5,22.2857142857
Bratwurst,0,5,6,12.5714285714
Bratwurst,0,5,7,6.219047619
Bratwurst,0,6,1,6.8380952381
Bratwurst,0,6,2,9.780952381
Bratwurst,0,6,3,7.0952380952
Bratwurst,0,6,4,4.7523809524
Bratwurst,0,6,5,12.5714285714
Bratwurst,0,6,6,6.5523809524
Bratwurst,0,6,7,3.4095238095
Bratwurst,0,7,1,3.7523809524
Bratwurst,0,7,2,5.2285714286
Bratwurst,0,7,3,3.5428571429
Bratwurst,0,7,4,2.4
Bratwurst,0,7,5,6.219047619
Bratwurst,0,7,6,3.4095238095
Bratwurst,0,7,7,1.4476190476
Bratwurst,1,1,1,28.3469387755
Bratwurst,1,1,2,25.5
Bratwurst,1,1,3,18.8163265306
Bratwurst,1,1,4,8.4489795918
Bratwurst,1,1,5,18.612244898
Bratwurst,1,1,6,6.9693877551
Bratwurst,1,1,7,2.306122449
Bratwurst,1,2,1,25.5
Bratwurst,1,2,2,23.5714285714
Bratwurst,1,2,3,19.7040816327
Bratwurst,1,2,4,9.9897959184
Bratwurst,1,2,5,20.7551020408
Bratwurst,1,2,6,6.806122449
Bratwurst,1,2,7,2.6734693878
Bratwurst,1,3,1,18.8163265306
Bratwurst,1,3,2,19.7040816327
Bratwurst,1,3,3,16.1836734694
Bratwurst,1,3,4,8.8979591837
Bratwurst,1,3,5,18.0612244898
Bratwurst,1,3,6,5.7346938776
Bratwurst,1,3,7,2.6020408163
Bratwurst,1,4,1,8.4489795918
Bratwurst,1,4,2,9.9897959184
Bratwurst,1,4,3,8.8979591837
Bratwurst,1,4,4,4.9795918367
Bratwurst,1,4,5,10.4081632653
Bratwurst,1,4,6,2.8775510204
Bratwurst,1,4,7,1.3979591837
Bratwurst,1,5,1,18.612244898
Bratwurst,1,5,2,20.7551020408
Bratwurst,1,5,3,18.0612244898
Bratwurst,1,5,4,10.4081632653
Bratwurst,1,5,5,19.4285714286
Bratwurst,1,5,6,5.9591836735
Bratwurst,1,5,7,2.7755102041
Bratwurst,1,6,1,6.9693877551
Bratwurst,1,6,2,6.806122449
Bratwurst,1,6,3,5.7346938776
Bratwurst,1,6,4,2.8775510204
Bratwurst,1,6,5,5.9591836735
Bratwurst,1,6,6,1.7551020408
Bratwurst,1,6,7,0.8979591837
Bratwurst,1,7,1,2.306122449
Bratwurst,1,7,2,2.6734693878
Bratwurst,1,7,3,2.6020408163
Bratwurst,1,7,4,1.3979591837
Bratwurst,1,7,5,2.7755102041
Bratwurst,1,7,6,0.8979591837
Bratwurst,1,7,7,0.3469387755
Breaded_Chicken_Filet,0,1,1,11.5324675325
Breaded_Chicken_Filet,0,1,2,12.4675324675
Breaded_Chicken_Filet,0,1,3,12.1688311688
Breaded_Chicken_Filet,0,1,4,5.9350649351
Breaded_Chicken_Filet,0,1,5,15.8701298701
Breaded_Chicken_Filet,0,1,6,5.7142857143
Breaded_Chicken_Filet,0,1,7,3.3116883117
Breaded_Chicken_Filet,0,2,1,12.4675324675
Breaded_Chicken_Filet,0,2,2,12.1818181818
Breaded_Chicken_Filet,0,2,3,12.7272727273
Breaded_Chicken_Filet,0,2,4,6.3116883117
Breaded_Chicken_Filet,0,2,5,16.3766233766
Breaded_Chicken_Filet,0,2,6,6.0779220779
Breaded_Chicken_Filet,0,2,7,3.8571428571
Breaded_Chicken_Filet,0,3,1,12.1688311688
Breaded_Chicken_Filet,0,3,2,12.7272727273
Breaded_Chicken_Filet,0,3,3,13.1688311688
Breaded_Chicken_Filet,0,3,4,6.7402597403
Breaded_Chicken_Filet,0,3,5,17.1558441558
Breaded_Chicken_Filet,0,3,6,6.2207792208
Breaded_Chicken_Filet,0,3,7,3.8181818182
Breaded_Chicken_Filet,0,4,1,5.9350649351
Breaded_Chicken_Filet,0,4,2,6.3116883117
Breaded_Chicken_Filet,0,4,3,6.7402597403
Breaded_Chicken_Filet,0,4,4,3.4545454545
Breaded_Chicken_Filet,0,4,5,8.6103896104
Breaded_Chicken_Filet,0,4,6,2.8831168831
Breaded_Chicken_Filet,0,4,7,2.0649350649
Breaded_Chicken_Filet,0,5,1,15.8701298701
Breaded_Chicken_Filet,0,5,2,16.3766233766
Breaded_Chicken_Filet,0,5,3,17.1558441558
Breaded_Chicken_Filet,0,5,4,8.6103896104
Breaded_Chicken_Filet,0,5,5,20.4675324675
Breaded_Chicken_Filet,0,5,6,7.7142857143
Breaded_Chicken_Filet,0,5,7,4.8051948052
Breaded_Chicken_Filet,0,6,1,5.7142857143
Breaded_Chicken_Filet,0,6,2,6.0779220779
Breaded_Chicken_Filet,0,6,3,6.2207792208
Breaded_Chicken_Filet,0,6,4,2.8831168831
Breaded_Chicken_Filet,0,6,5,7.7142857143
Breaded_Chicken_Filet,0,6,6,2.5194805195
Breaded_Chicken_Filet,0,6,7,1.8701298701
Breaded_Chicken_Filet,0,7,1,3.3116883117
Breaded_Chicken_Filet,0,7,2,3.8571428571
Breaded_Chicken_Filet,0,7,3,3.8181818182
Breaded_Chicken_Filet,0,7,4,2.0649350649
Breaded_Chicken_Filet,0,7,5,4.8051948052
Breaded_Chicken_Filet,0,7,6,1.8701298701
Breaded_Chicken_Filet,0,7,7,1.2727272727
Breakfast_Sausages,0,1,1,17.6056338028
Breakfast_Sausages,0,1,2,14.7605633803
Breakfast_Sausages,0,1,3,11.2676056338
Breakfast_Sausages,0,1,5,14.8450704225
Breakfast_Sausages,0,1,6,10.1408450704
Breakfast_Sausages,0,1,7,5.3802816901
Breakfast_Sausages,0,2,1,14.7605633803
Breakfast_Sausages,0,2,2,15.9718309859
Breakfast_Sausages,0,2,3,11.8450704225
Breakfast_Sausages,0,2,5,15.1549295775
Breakfast_Sausages,0,2,6,12.323943662
Breakfast_Sausages,0,2,7,5.9436619718
Breakfast_Sausages,0,3,1,11.2676056338
Breakfast_Sausages,0,3,2,11.8450704225
Breakfast_Sausages,0,3,3,8.5352112676
Breakfast_Sausages,0,3,5,10.7183098592
Breakfast_Sausages,0,3,6,9.5492957746
Breakfast_Sausages,0,3,7,4.0845070423
Breakfast_Sausages,0,5,1,14.8450704225
Breakfast_Sausages,0,5,2,15.1549295775
Breakfast_Sausages,0,5,3,10.7183098592
Breakfast_Sausages,0,5,5,13.1830985915
Breakfast_Sausages,0,5,6,10.7605633803
Breakfast_Sausages,0,5,7,5.338028169
Breakfast_Sausages,0,6,1,10.1408450704
Breakfast_Sausages,0,6,2,12.323943662
Breakfast_Sausages,0,6,3,9.5492957746
Breakfast_Sausages,0,6,5,10.7605633803
Breakfast_Sausages,0,6,6,9.8309859155
Breakfast_Sausages,0,6,7,4.3943661972
Breakfast_Sausages,0,7,1,5.3802816901
Breakfast_Sausages,0,7,2,5.9436619718
Breakfast_Sausages,0,7,3,4.0845070423
Breakfast_Sausages,0,7,5,5.338028169
Breakfast_Sausages,0,7,6,4.3943661972
Breakfast_Sausages,0,7,7,1.8591549296
Breakfast_Sausages,1,1,1,14.7843137255
Breakfast_Sausages,1,1,2,13.6666666667
Breakfast_Sausages,1,1,3,12.8235294118
Breakfast_Sausages,1,1,5,11.5294117647
Breakfast_Sausages,1,1,6,4.1764705882
Breakfast_Sausages,1,1,7,3.0196078431
Breakfast_Sausages,1,2,1,13.6666666667
Breakfast_Sausages,1,2,2,12.2352941176
Breakfast_Sausages,1,2,3,12.4117647059
Breakfast_Sausages,1,2,5,12.0196078431
Breakfast_Sausages,1,2,6,4.3137254902
Breakfast_Sausages,1,2,7,3.3529411765
Breakfast_Sausages,1,3,1,12.8235294118
Breakfast_Sausages,1,3,2,12.4117647059
Breakfast_Sausages,1,3,3,12.0784313725
Breakfast_Sausages,1,3,5,11.0
Breakfast_Sausages,1,3,6,4.137254902
Breakfast_Sausages,1,3,7,3.5490196078
Breakfast_Sausages,1,5,1,11.5294117647
Breakfast_Sausages,1,5,2,12.0196078431
Breakfast_Sausages,1,5,3,11.0
Breakfast_Sausages,1,5,5,10.3921568627
Breakfast_Sausages,1,5,6,4.0392156863
Breakfast_Sausages,1,5,7,3.0196078431
Breakfast_Sausages,1,6,1,4.1764705882
Breakfast_Sausages,1,6,2,4.3137254902
Breakfast_Sausages,1,6,3,4.137254902
Breakfast_Sausages,1,6,5,4.0392156863
Breakfast_Sausages,1,6,6,1.137254902
Breakfast_Sausages,1,6,7,1.1960784314
Breakfast_Sausages,1,7,1,3.0196078431
Breakfast_Sausages,1,7,2,3.3529411765
Breakfast_Sausages,1,7,3,3.5490196078
Breakfast_Sausages,1,7,5,3.0196078431
Breakfast_Sausages,1,7,6,1.1960784314
Breakfast_Sausages,1,7,7,0.862745098
Burgers,0,1,1,7.4285714286
Burgers,0,1,2,12.1696428571
Burgers,0,1,3,9.4375
Burgers,0,1,4,6.1964285714
Burgers,0,1,5,16.4285714286
Burgers,0,1,6,8.875
Burgers,0,1,7,2.4642857143
Burgers,0,2,1,12.1696428571
Burgers,0,2,2,19.9107142857
Burgers,0,2,3,15.875
Burgers,0,2,4,9.7232142857
Burgers,0,2,5,27.1071428571
Burgers,0,2,6,14.9910714286
Burgers,0,2,7,4.2232142857
Burgers,0,3,1,9.4375
Burgers,0,3,2,15.875
Burgers,0,3,3,13.1428571429
Burgers,0,3,4,8.6607142857
Burgers,0,3,5,22.8035714286
Burgers,0,3,6,12.0446428571
Burgers,0,3,7,4.0357142857
Burgers,0,4,1,6.1964285714
Burgers,0,4,2,9.7232142857
Burgers,0,4,3,8.6607142857
Burgers,0,4,4,5.2142857143
Burgers,0,4,5,13.5535714286
Burgers,0,4,6,7.1875
Burgers,0,4,7,2.4642857143
Burgers,0,5,1,16.4285714286
Burgers,0,5,2,27.1071428571
Burgers,0,5,3,22.8035714286
Burgers,0,5,4,13.5535714286
Burgers,0,5,5,44.4464285714
Burgers,0,5,6,22.4464285714
Burgers,0,5,7,7.2142857143
Burgers,0,6,1,8.875
Burgers,0,6,2,14.9910714286
Burgers,0,6,3,12.0446428571
Burgers,0,6,4,7.1875
Burgers,0,6,5,22.4464285714
Burgers,0,6,6,11.0178571429
Burgers,0,6,7,3.4375
Burgers,0,7,1,2.4642857143
Burgers,0,7,2,4.2232142857
Burgers,0,7,3,4.0357142857
Burgers,0,7,4,2.4642857143
Burgers,0,7,5,7.2142857143
Burgers,0,7,6,3.4375
Burgers,0,7,7,1.1607142857
Burgers,1,1,1,24.7126436782
Burgers,1,1,2,25.4137931034
Burgers,1,1,3,14.3218390805
Burgers,1,1,4,5.5057471264
Burgers,1,1,5,11.6551724138
Burgers,1,1,6,6.7471264368
Burgers,1,1,7,2.6436781609
Burgers,1,2,1,25.4137931034
Burgers,1,2,2,27.0114942529
Burgers,1,2,3,16.9195402299
Burgers,1,2,4,7.2413793103
Burgers,1,2,5,16.091954023
Burgers,1,2,6,9.7126436782
Burgers,1,2,7,3.6091954023
Burgers,1,3,1,14.3218390805
Burgers,1,3,2,16.9195402299
Burgers,1,3,3,11.0114942529
Burgers,1,3,4,5.7586206897
Burgers,1,3,5,11.9885057471
Burgers,1,3,6,8.4482758621
Burgers,1,3,7,2.5517241379
Burgers,1,4,1,5.5057471264
Burgers,1,4,2,7.2413793103
Burgers,1,4,3,5.7586206897
Burgers,1,4,4,2.7816091954
Burgers,1,4,5,6.0344827586
Burgers,1,4,6,4.4942528736
Burgers,1,4,7,1.183908046
Burgers,1,5,1,11.6551724138
Burgers,1,5,2,16.091954023
Burgers,1,5,3,11.9885057471
Burgers,1,5,4,6.0344827586
Burgers,1,5,5,13.6551724138
Burgers,1,5,6,10.4252873563
Burgers,1,5,7,3.1494252874
Burgers,1,6,1,6.7471264368
Burgers,1,6,2,9.7126436782
Burgers,1,6,3,8.4482758621
Burgers,1,6,4,4.4942528736
Burgers,1,6,5,10.4252873563
Burgers,1,6,6,7.8850574713
Burgers,1,6,7,2.2873563218
Burgers,1,7,1,2.6436781609
Burgers,1,7,2,3.6091954023
Burgers,1,7,3,2.5517241379
Burgers,1,7,4,1.183908046
Burgers,1,7,5,3.1494252874
Burgers,1,7,6,2.2873563218
Burgers,1,7,7,0.5747126437
Butter,0,1,1,3.2079207921
Butter,0,1,2,3.4752475248
Butter,0,1,3,6.504950495
Butter,0,1,4,2.297029703
Butter,0,1,5,7.4752475248
Butter,0,1,6,5.7425742574
Butter,0,1,7,4.297029703
Butter,0,2,1,3.4752475248
Butter,0,2,2,4.396039604
Butter,0,2,3,7.5148514851
Butter,0,2,4,3.1881188119
Butter,0,2,5,10.0792079208
Butter,0,2,6,7.8712871287
Butter,0,2,7,6.4752475248
Butter,0,3,1,6.504950495
Butter,0,3,2,7.5148514851
Butter,0,3,3,12.5544554455
Butter,0,3,4,5.3861386139
Butter,0,3,5,17.5247524752
Butter,0,3,6,13.9306930693
Butter,0,3,7,11.5841584158
Butter,0,4,1,2.297029703
Butter,0,4,2,3.1881188119
Butter,0,4,3,5.3861386139
Butter,0,4,4,2.2574257426
Butter,0,4,5,8.5544554455
Butter,0,4,6,7.4257425743
Butter,0,4,7,6.8910891089
Butter,0,5,1,7.4752475248
Butter,0,5,2,10.0792079208
Butter,0,5,3,17.5247524752
Butter,0,5,4,8.5544554455
Butter,0,5,5,27.1287128713
Butter,0,5,6,24.9702970297
Butter,0,5,7,23.2673267327
Butter,0,6,1,5.7425742574
Butter,0,6,2,7.8712871287
Butter,0,6,3,13.9306930693
Butter,0,6,4,7.4257425743
Butter,0,6,5,24.9702970297
Butter,0,6,6,22.9306930693
Butter,0,6,7,23.1287128713
Butter,0,7,1,4.297029703
Butter,0,7,2,6.4752475248
Butter,0,7,3,11.5841584158
Butter,0,7,4,6.8910891089
Butter,0,7,5,23.2673267327
Butter,0,7,6,23.1287128713
Butter,0,7,7,22.3564356436
Butter,1,1,1,3.08
Butter,1,1,2,4.32
Butter,1,1,3,6.46
Butter,1,1,4,1.95
Butter,1,1,5,7.35
Butter,1,1,6,6.09
Butter,1,1,7,3.75
Butter,1,2,1,4.32
Butter,1,2,2,9.02
Butter,1,2,3,11.44
Butter,1,2,4,5.18
Butter,1,2,5,14.86
Butter,1,2,6,12.72
Butter,1,2,7,9.46
Butter,1,3,1,6.46
Butter,1,3,2,11.44
Butter,1,3,3,15.44
Butter,1,3,4,5.65
Butter,1,3,5,18.09
Butter,1,3,6,16.28
Butter,1,3,7,11.64
Butter,1,4,1,1.95
Butter,1,4,2,5.18
Butter,1,4,3,5.65
Butter,1,4,4,2.52
Butter,1,4,5,7.83
Butter,1,4,6,6.71
Butter,1,4,7,5.16
Butter,1,5,1,7.35
Butter,1,5,2,14.86
Butter,1,5,3,18.09
Butter,1,5,4,7.83
Butter,1,5,5,23.54
Butter,1,5,6,22.27
Butter,1,5,7,16.06
Butter,1,6,1,6.09
Butter,1,6,2,12.72
Butter,1,6,3,16.28
Butter,1,6,4,6.71
Butter,1,6,5,22.27
Butter,1,6,6,20.96
Butter,1,6,7,15.97
Butter,1,7,1,3.75
Butter,1,7,2,9.46
Butter,1,7,3,11.64
Butter,1,7,4,5.16
Butter,1,7,5,16.06
Butter,1,7,6,15.97
Butter,1,7,7,11.96
Cheddar_Cheese,0,1,1,3.067961165
Cheddar_Cheese,0,1,2,4.2038834951
Cheddar_Cheese,0,1,3,4.2427184466
Cheddar_Cheese,0,1,4,1.6796116505
Cheddar_Cheese,0,1,5,6.5631067961
Cheddar_Cheese,0,1,6,4.8349514563
Cheddar_Cheese,0,1,7,4.4077669903
Cheddar_Cheese,0,2,1,4.2038834951
Cheddar_Cheese,0,2,2,5.3786407767
Cheddar_Cheese,0,2,3,6.0
Cheddar_Cheese,0,2,4,2.5242718447
Cheddar_Cheese,0,2,5,9.3203883495
Cheddar_Cheese,0,2,6,6.7281553398
Cheddar_Cheese,0,2,7,5.8446601942
Cheddar_Cheese,0,3,1,4.2427184466
Cheddar_Cheese,0,3,2,6.0
Cheddar_Cheese,0,3,3,6.4466019417
Cheddar_Cheese,0,3,4,3.0291262136
Cheddar_Cheese,0,3,5,11.2038834951
Cheddar_Cheese,0,3,6,7.7572815534
Cheddar_Cheese,0,3,7,7.3203883495
Cheddar_Cheese,0,4,1,1.6796116505
Cheddar_Cheese,0,4,2,2.5242718447
Cheddar_Cheese,0,4,3,3.0291262136
Cheddar_Cheese,0,4,4,1.1844660194
Cheddar_Cheese,0,4,5,4.9902912621
Cheddar_Cheese,0,4,6,3.3883495146
Cheddar_Cheese,0,4,7,3.2038834951
Cheddar_Cheese,0,5,1,6.5631067961
Cheddar_Cheese,0,5,2,9.3203883495
Cheddar_Cheese,0,5,3,11.2038834951
Cheddar_Cheese,0,5,4,4.9902912621
Cheddar_Cheese,0,5,5,17.8446601942
Cheddar_Cheese,0,5,6,12.6504854369
Cheddar_Cheese,0,5,7,12.427184466
Cheddar_Cheese,0,6,1,4.8349514563
Cheddar_Cheese,0,6,2,6.7281553398
Cheddar_Cheese,0,6,3,7.7572815534
Cheddar_Cheese,0,6,4,3.3883495146
Cheddar_Cheese,0,6,5,12.6504854369
Cheddar_Cheese,0,6,6,8.2524271845
Cheddar_Cheese,0,6,7,8.3883495146
Cheddar_Cheese,0,7,1,4.4077669903
Cheddar_Cheese,0,7,2,5.8446601942
Cheddar_Cheese,0,7,3,7.3203883495
Cheddar_Cheese,0,7,4,3.2038834951
Cheddar_Cheese,0,7,5,12.427184466
Cheddar_Cheese,0,7,6,8.3883495146
Cheddar_Cheese,0,7,7,8.4077669903
Cheddar_Cheese,1,1,1,0.8235294118
Cheddar_Cheese,1,1,2,1.3921568627
Cheddar_Cheese,1,1,3,2.2254901961
Cheddar_Cheese,1,1,4,1.3725490196
Cheddar_Cheese,1,1,5,3.1176470588
Cheddar_Cheese,1,1,6,3.362745098
Cheddar_Cheese,1,1,7,2.7058823529
Cheddar_Cheese,1,2,1,1.3921568627
Cheddar_Cheese,1,2,2,2.5294117647
Cheddar_Cheese,1,2,3,4.8725490196
Cheddar_Cheese,1,2,4,2.7843137255
Cheddar_Cheese,1,2,5,8.3235294118
Cheddar_Cheese,1,2,6,9.4607843137
Cheddar_Cheese,1,2,7,6.637254902
Cheddar_Cheese,1,3,1,2.2254901961
Cheddar_Cheese,1,3,2,4.8725490196
Cheddar_Cheese,1,3,3,8.0980392157
Cheddar_Cheese,1,3,4,5.0294117647
Cheddar_Cheese,1,3,5,14.5882352941
Cheddar_Cheese,1,3,6,17.3235294118
Cheddar_Cheese,1,3,7,11.862745098
Cheddar_Cheese,1,4,1,1.3725490196
Cheddar_Cheese,1,4,2,2.7843137255
Cheddar_Cheese,1,4,3,5.0294117647
Cheddar_Cheese,1,4,4,2.8235294118
Cheddar_Cheese,1,4,5,8.5
Cheddar_Cheese,1,4,6,10.4215686275
Cheddar_Cheese,1,4,7,7.068627451
Cheddar_Cheese,1,5,1,3.1176470588
Cheddar_Cheese,1,5,2,8.3235294118
Cheddar_Cheese,1,5,3,14.5882352941
Cheddar_Cheese,1,5,4,8.5
Cheddar_Cheese,1,5,5,28.4117647059
Cheddar_Cheese,1,5,6,35.4803921569
Cheddar_Cheese,1,5,7,22.5784313725
Cheddar_Cheese,1,6,1,3.362745098
Cheddar_Cheese,1,6,2,9.4607843137
Cheddar_Cheese,1,6,3,17.3235294118
Cheddar_Cheese,1,6,4,10.4215686275
Cheddar_Cheese,1,6,5,35.4803921569
Cheddar_Cheese,1,6,6,42.5882352941
Cheddar_Cheese,1,6,7,27.362745098
Cheddar_Cheese,1,7,1,2.7058823529
Cheddar_Cheese,1,7,2,6.637254902
Cheddar_Cheese,1,7,3,11.862745098
Cheddar_Cheese,1,7,4,7.068627451
Cheddar_Cheese,1,7,5,22.5784313725
Cheddar_Cheese,1,7,6,27.362745098
Cheddar_Cheese,1,7,7,16.7843137255
Chicken_Strips,0,1,1,30.5567010309
Chicken_Strips,0,1,2,25.0824742268
Chicken_Strips,0,1,3,21.0206185567
Chicken_Strips,0,1,4,7.206185567
Chicken_Strips,0,1,5,20.3917525773
Chicken_Strips,0,1,6,12.9793814433
Chicken_Strips,0,1,7,4.7628865979
Chicken_Strips,0,2,1,25.0824742268
Chicken_Strips,0,2,2,22.5360824742
Chicken_Strips,0,2,3,17.6701030928
Chicken_Strips,0,2,4,6.0206185567
Chicken_Strips,0,2,5,17.6082474227
Chicken_Strips,0,2,6,11.4432989691
Chicken_Strips,0,2,7,3.6391752577
Chicken_Strips,0,3,1,21.0206185567
Chicken_Strips,0,3,2,17.6701030928
Chicken_Strips,0,3,3,14.0618556701
Chicken_Strips,0,3,4,4.7113402062
Chicken_Strips,0,3,5,13.7731958763
Chicken_Strips,0,3,6,8.6597938144
Chicken_Strips,0,3,7,3.1030927835
Chicken_Strips,0,4,1,7.206185567
Chicken_Strips,0,4,2,6.0206185567
Chicken_Strips,0,4,3,4.7113402062
Chicken_Strips,0,4,4,1.8556701031
Chicken_Strips,0,4,5,5.2268041237
Chicken_Strips,0,4,6,2.9690721649
Chicken_Strips,0,4,7,1.0103092784
Chicken_Strips,0,5,1,20.3917525773
Chicken_Strips,0,5,2,17.6082474227
Chicken_Strips,0,5,3,13.7731958763
Chicken_Strips,0,5,4,5.2268041237
Chicken_Strips,0,5,5,13.2989690722
Chicken_Strips,0,5,6,8.7319587629
Chicken_Strips,0,5,7,2.9690721649
Chicken_Strips,0,6,1,12.9793814433
Chicken_Strips,0,6,2,11.4432989691
Chicken_Strips,0,6,3,8.6597938144
Chicken_Strips,0,6,4,2.9690721649
Chicken_Strips,0,6,5,8.7319587629
Chicken_Strips,0,6,6,5.2783505155
Chicken_Strips,0,6,7,1.9381443299
Chicken_Strips,0,7,1,4.7628865979
Chicken_Strips,0,7,2,3.6391752577
Chicken_Strips,0,7,3,3.1030927835
Chicken_Strips,0,7,4,1.0103092784
Chicken_Strips,0,7,5,2.9690721649
Chicken_Strips,0,7,6,1.9381443299
Chicken_Strips,0,7,7,0.5773195876
Chicken_Strips,1,1,1,40.8
Chicken_Strips,1,1,2,23.7444444444
Chicken_Strips,1,1,3,16.1333333333
Chicken_Strips,1,1,4,14.1111111111
Chicken_Strips,1,1,5,19.7555555556
Chicken_Strips,1,1,6,11.3111111111
Chicken_Strips,1,1,7,5.1444444444
Chicken_Strips,1,2,1,23.7444444444
Chicken_Strips,1,2,2,14.5777777778
Chicken_Strips,1,2,3,10.7444444444
Chicken_Strips,1,2,4,9.1555555556
Chicken_Strips,1,2,5,12.9444444444
Chicken_Strips,1,2,6,7.1222222222
Chicken_Strips,1,2,7,3.7111111111
Chicken_Strips,1,3,1,16.1333333333
Chicken_Strips,1,3,2,10.7444444444
Chicken_Strips,1,3,3,7.1777777778
Chicken_Strips,1,3,4,6.0444444444
Chicken_Strips,1,3,5,9.0555555556
Chicken_Strips,1,3,6,4.9555555556
Chicken_Strips,1,3,7,2.8888888889
Chicken_Strips,1,4,1,14.1111111111
Chicken_Strips,1,4,2,9.1555555556
Chicken_Strips,1,4,3,6.0444444444
Chicken_Strips,1,4,4,5.2222222222
Chicken_Strips,1,4,5,8.0333333333
Chicken_Strips,1,4,6,4.3333333333
Chicken_Strips,1,4,7,2.1
Chicken_Strips,1,5,1,19.7555555556
Chicken_Strips,1,5,2,12.9444444444
Chicken_Strips,1,5,3,9.0555555556
Chicken_Strips,1,5,4,8.0333333333
Chicken_Strips,1,5,5,12.8444444444
Chicken_Strips,1,5,6,6.9333333333
Chicken_Strips,1,5,7,4.4333333333
Chicken_Strips,1,6,1,11.3111111111
Chicken_Strips,1,6,2,7.1222222222
Chicken_Strips,1,6,3,4.9555555556
Chicken_Strips,1,6,4,4.3333333333
Chicken_Strips,1,6,5,6.9333333333
Chicken_Strips,1,6,6,3.2
Chicken_Strips,1,6,7,2.1444444444
Chicken_Strips,1,7,1,5.1444444444
Chicken_Strips,1,7,2,3.7111111111
Chicken_Strips,1,7,3,2.8888888889
Chicken_Strips,1,7,4,2.1
Chicken_Strips,1,7,5,4.4333333333
Chicken_Strips,1,7,6,2.1444444444
Chicken_Strips,1,7,7,1.5777777778
Cream_Cheese,0,1,1,18.0
Cream_Cheese,0,1,2,16.25
Cream_Cheese,0,1,3,11.49
Cream_Cheese,0,1,4,3.6
Cream_Cheese,0,1,5,11.72
Cream_Cheese,0,1,6,5.47
Cream_Cheese,0,1,7,5.47
Cream_Cheese,0,2,1,16.25
Cream_Cheese,0,2,2,17.84
Cream_Cheese,0,2,3,13.76
Cream_Cheese,0,2,4,5.89
Cream_Cheese,0,2,5,20.2
Cream_Cheese,0,2,6,9.41
Cream_Cheese,0,2,7,10.65
Cream_Cheese,0,3,1,11.49
Cream_Cheese,0,3,2,13.76
Cream_Cheese,0,3,3,9.88
Cream_Cheese,0,3,4,4.69
Cream_Cheese,0,3,5,15.24
Cream_Cheese,0,3,6,6.46
Cream_Cheese,0,3,7,7.48
Cream_Cheese,0,4,1,3.6
Cream_Cheese,0,4,2,5.89
Cream_Cheese,0,4,3,4.69
Cream_Cheese,0,4,4,2.14
Cream_Cheese,0,4,5,8.11
Cream_Cheese,0,4,6,3.43
Cream_Cheese,0,4,7,4.14
Cream_Cheese,0,5,1,11.72
Cream_Cheese,0,5,2,20.2
Cream_Cheese,0,5,3,15.24
Cream_Cheese,0,5,4,8.11
Cream_Cheese,0,5,5,29.58
Cream_Cheese,0,5,6,14.17
Cream_Cheese,0,5,7,17.98
Cream_Cheese,0,6,1,5.47
Cream_Cheese,0,6,2,9.41
Cream_Cheese,0,6,3,6.46
Cream_Cheese,0,6,4,3.43
Cream_Cheese,0,6,5,14.17
Cream_Cheese,0,6,6,6.94
Cream_Cheese,0,6,7,9.12
Cream_Cheese,0,7,1,5.47
Cream_Cheese,0,7,2,10.65
Cream_Cheese,0,7,3,7.48
Cream_Cheese,0,7,4,4.14
Cream_Cheese,0,7,5,17.98
Cream_Cheese,0,7,6,9.12
Cream_Cheese,0,7,7,11.16
Cream_Cheese,1,1,1,16.303030303
Cream_Cheese,1,1,2,12.5353535354
Cream_Cheese,1,1,3,9.9191919192
Cream_Cheese,1,1,4,4.7575757576
Cream_Cheese,1,1,5,10.9696969697
Cream_Cheese,1,1,6,9.8080808081
Cream_Cheese,1,1,7,4.7070707071
Cream_Cheese,1,2,1,12.5353535354
Cream_Cheese,1,2,2,11.0707070707
Cream_Cheese,1,2,3,10.0101010101
Cream_Cheese,1,2,4,5.4949494949
Cream_Cheese,1,2,5,11.6868686869
Cream_Cheese,1,2,6,11.3535353535
Cream_Cheese,1,2,7,7.8484848485
Cream_Cheese,1,3,1,9.9191919192
Cream_Cheese,1,3,2,10.0101010101
Cream_Cheese,1,3,3,9.0101010101
Cream_Cheese,1,3,4,5.5454545455
Cream_Cheese,1,3,5,11.9090909091
Cream_Cheese,1,3,6,12.2121212121
Cream_Cheese,1,3,7,8.3939393939
Cream_Cheese,1,4,1,4.7575757576
Cream_Cheese,1,4,2,5.4949494949
Cream_Cheese,1,4,3,5.5454545455
Cream_Cheese,1,4,4,2.9494949495
Cream_Cheese,1,4,5,7.0505050505
Cream_Cheese,1,4,6,7.5050505051
Cream_Cheese,1,4,7,5.696969697
Cream_Cheese,1,5,1,10.9696969697
Cream_Cheese,1,5,2,11.6868686869
Cream_Cheese,1,5,3,11.9090909091
Cream_Cheese,1,5,4,7.0505050505
Cream_Cheese,1,5,5,18.5252525253
Cream_Cheese,1,5,6,19.6767676768
Cream_Cheese,1,5,7,13.1818181818
Cream_Cheese,1,6,1,9.8080808081
Cream_Cheese,1,6,2,11.3535353535
Cream_Cheese,1,6,3,12.2121212121
Cream_Cheese,1,6,4,7.5050505051
Cream_Cheese,1,6,5,19.6767676768
Cream_Cheese,1,6,6,19.6767676768
Cream_Cheese,1,6,7,14.7676767677
Cream_Cheese,1,7,1,4.7070707071
Cream_Cheese,1,7,2,7.8484848485
Cream_Cheese,1,7,3,8.3939393939
Cream_Cheese,1,7,4,5.696969697
Cream_Cheese,1,7,5,13.1818181818
Cream_Cheese,1,7,6,14.7676767677
Cream_Cheese,1,7,7,12.404040404
Creamer,0,1,1,11.6964285714
Creamer,0,1,2,16.1964285714
Creamer,0,1,3,9.5714285714
Creamer,0,1,4,4.9285714286
Creamer,0,1,5,10.3660714286
Creamer,0,1,6,4.6607142857
Creamer,0,1,7,2.5803571429
Creamer,0,2,1,16.1964285714
Creamer,0,2,2,25.4464285714
Creamer,0,2,3,15.2767857143
Creamer,0,2,4,8.8482142857
Creamer,0,2,5,17.6785714286
Creamer,0,2,6,10.8214285714
Creamer,0,2,7,5.7321428571
Creamer,0,3,1,9.5714285714
Creamer,0,3,2,15.2767857143
Creamer,0,3,3,8.4821428571
Creamer,0,3,4,5.4732142857
Creamer,0,3,5,10.9732142857
Creamer,0,3,6,7.1696428571
Creamer,0,3,7,4.0535714286
Creamer,0,4,1,4.9285714286
Creamer,0,4,2,8.8482142857
Creamer,0,4,3,5.4732142857
Creamer,0,4,4,3.8214285714
Creamer,0,4,5,7.9464285714
Creamer,0,4,6,6.2767857143
Creamer,0,4,7,3.7053571429
Creamer,0,5,1,10.3660714286
Creamer,0,5,2,17.6785714286
Creamer,0,5,3,10.9732142857
Creamer,0,5,4,7.9464285714
Creamer,0,5,5,15.0178571429
Creamer,0,5,6,12.9464285714
Creamer,0,5,7,8.0714285714
Creamer,0,6,1,4.6607142857
Creamer,0,6,2,10.8214285714
Creamer,0,6,3,7.1696428571
Creamer,0,6,4,6.2767857143
Creamer,0,6,5,12.9464285714
Creamer,0,6,6,14.1071428571
Creamer,0,6,7,10.0178571429
Creamer,0,7,1,2.5803571429
Creamer,0,7,2,5.7321428571
Creamer,0,7,3,4.0535714286
Creamer,0,7,4,3.7053571429
Creamer,0,7,5,8.0714285714
Creamer,0,7,6,10.0178571429
Creamer,0,7,7,6.8392857143
Creamer,1,1,1,1.0736842105
Creamer,1,1,2,3.7578947368
Creamer,1,1,3,2.5789473684
Creamer,1,1,4,2.1789473684
Creamer,1,1,5,3.9263157895
Creamer,1,1,6,4.8842105263
Creamer,1,1,7,2.6
Creamer,1,2,1,3.7578947368
Creamer,1,2,2,11.1368421053
Creamer,1,2,3,8.1473684211
Creamer,1,2,4,6.6526315789
Creamer,1,2,5,11.1263157895
Creamer,1,2,6,13.7052631579
Creamer,1,2,7,7.4736842105
Creamer,1,3,1,2.5789473684
Creamer,1,3,2,8.1473684211
Creamer,1,3,3,5.3894736842
Creamer,1,3,4,5.0842105263
Creamer,1,3,5,8.8631578947
Creamer,1,3,6,10.8105263158
Creamer,1,3,7,6.1263157895
Creamer,1,4,1,2.1789473684
Creamer,1,4,2,6.6526315789
Creamer,1,4,3,5.0842105263
Creamer,1,4,4,5.0105263158
Creamer,1,4,5,10.8
Creamer,1,4,6,12.8947368421
Creamer,1,4,7,8.3789473684
Creamer,1,5,1,3.9263157895
Creamer,1,5,2,11.1263157895
Creamer,1,5,3,8.8631578947
Creamer,1,5,4,10.8
Creamer,1,5,5,21.6421052632
Creamer,1,5,6,26.9368421053
Creamer,1,5,7,17.7052631579
Creamer,1,6,1,4.8842105263
Creamer,1,6,2,13.7052631579
Creamer,1,6,3,10.8105263158
Creamer,1,6,4,12.8947368421
Creamer,1,6,5,26.9368421053
Creamer,1,6,6,30.8842105263
Creamer,1,6,7,20.8842105263
Creamer,1,7,1,2.6
Creamer,1,7,2,7.4736842105
Creamer,1,7,3,6.1263157895
Creamer,1,7,4,8.3789473684
Creamer,1,7,5,17.7052631579
Creamer,1,7,6,20.8842105263
Creamer,1,7,7,13.8315789474
Deli_Ham,0,1,1,22.6923076923
Deli_Ham,0,1,2,23.8461538462
Deli_Ham,0,1,3,13.7115384615
Deli_Ham,0,1,4,6.0
Deli_Ham,0,1,5,18.2596153846
Deli_Ham,0,1,6,9.7596153846
Deli_Ham,0,1,7,5.7307692308
Deli_Ham,0,2,1,23.8461538462
Deli_Ham,0,2,2,24.3846153846
Deli_Ham,0,2,3,15.1057692308
Deli_Ham,0,2,4,7.0096153846
Deli_Ham,0,2,5,20.7019230769
Deli_Ham,0,2,6,11.8076923077
Deli_Ham,0,2,7,7.1442307692
Deli_Ham,0,3,1,13.7115384615
Deli_Ham,0,3,2,15.1057692308
Deli_Ham,0,3,3,9.3269230769
Deli_Ham,0,3,4,4.9230769231
Deli_Ham,0,3,5,14.0961538462
Deli_Ham,0,3,6,9.2211538462
Deli_Ham,0,3,7,5.6153846154
Deli_Ham,0,4,1,6.0
Deli_Ham,0,4,2,7.0096153846
Deli_Ham,0,4,3,4.9230769231
Deli_Ham,0,4,4,2.2307692308
Deli_Ham,0,4,5,6.9903846154
Deli_Ham,0,4,6,4.8269230769
Deli_Ham,0,4,7,3.0192307692
Deli_Ham,0,5,1,18.2596153846
Deli_Ham,0,5,2,20.7019230769
Deli_Ham,0,5,3,14.0961538462
Deli_Ham,0,5,4,6.9903846154
Deli_Ham,0,5,5,19.5769230769
Deli_Ham,0,5,6,13.9230769231
Deli_Ham,0,5,7,8.4519230769
Deli_Ham,0,6,1,9.7596153846
Deli_Ham,0,6,2,11.8076923077
Deli_Ham,0,6,3,9.2211538462
Deli_Ham,0,6,4,4.8269230769
Deli_Ham,0,6,5,13.9230769231
Deli_Ham,0,6,6,10.0192307692
Deli_Ham,0,6,7,6.4423076923
Deli_Ham,0,7,1,5.7307692308
Deli_Ham,0,7,2,7.1442307692
Deli_Ham,0,7,3,5.6153846154
Deli_Ham,0,7,4,3.0192307692
Deli_Ham,0,7,5,8.4519230769
Deli_Ham,0,7,6,6.4423076923
Deli_Ham,0,7,7,3.5961538462
Deli_Ham,1,1,1,12.3092783505
Deli_Ham,1,1,2,15.175257732
Deli_Ham,1,1,3,11.3505154639
Deli_Ham,1,1,4,5.4329896907
Deli_Ham,1,1,5,13.3402061856
Deli_Ham,1,1,6,6.2886597938
Deli_Ham,1,1,7,5.1030927835
Deli_Ham,1,2,1,15.175257732
Deli_Ham,1,2,2,17.793814433
Deli_Ham,1,2,3,13.9587628866
Deli_Ham,1,2,4,6.5567010309
Deli_Ham,1,2,5,17.3917525773
Deli_Ham,1,2,6,7.4536082474
Deli_Ham,1,2,7,6.6701030928
Deli_Ham,1,3,1,11.3505154639
Deli_Ham,1,3,2,13.9587628866
Deli_Ham,1,3,3,10.2268041237
Deli_Ham,1,3,4,4.6907216495
Deli_Ham,1,3,5,12.5360824742
Deli_Ham,1,3,6,5.4845360825
Deli_Ham,1,3,7,4.7525773196
Deli_Ham,1,4,1,5.4329896907
Deli_Ham,1,4,2,6.5567010309
Deli_Ham,1,4,3,4.6907216495
Deli_Ham,1,4,4,2.1443298969
Deli_Ham,1,4,5,6.1649484536
Deli_Ham,1,4,6,2.7010309278
Deli_Ham,1,4,7,2.3092783505
Deli_Ham,1,5,1,13.3402061856
Deli_Ham,1,5,2,17.3917525773
Deli_Ham,1,5,3,12.5360824742
Deli_Ham,1,5,4,6.1649484536
Deli_Ham,1,5,5,16.8453608247
Deli_Ham,1,5,6,6.7628865979
Deli_Ham,1,5,7,6.9587628866
Deli_Ham,1,6,1,6.2886597938
Deli_Ham,1,6,2,7.4536082474
Deli_Ham,1,6,3,5.4845360825
Deli_Ham,1,6,4,2.7010309278
Deli_Ham,1,6,5,6.7628865979
Deli_Ham,1,6,6,2.7216494845
Deli_Ham,1,6,7,2.587628866
Deli_Ham,1,7,1,5.1030927835
Deli_Ham,1,7,2,6.6701030928
Deli_Ham,1,7,3,4.7525773196
Deli_Ham,1,7,4,2.3092783505
Deli_Ham,1,7,5,6.9587628866
Deli_Ham,1,7,6,2.587628866
Deli_Ham,1,7,7,2.618556701
Deli_Turkey,0,1,1,14.9
Deli_Turkey,0,1,2,11.9
Deli_Turkey,0,1,3,11.95
Deli_Turkey,0,1,4,3.25
Deli_Turkey,0,1,5,8.3
Deli_Turkey,0,1,6,6.0
Deli_Turkey,0,1,7,3.7
Deli_Turkey,0,2,1,11.9
Deli_Turkey,0,2,2,9.78
Deli_Turkey,0,2,3,10.36
Deli_Turkey,0,2,4,2.82
Deli_Turkey,0,2,5,9.11
Deli_Turkey,0,2,6,7.15
Deli_Turkey,0,2,7,3.88
Deli_Turkey,0,3,1,11.95
Deli_Turkey,0,3,2,10.36
Deli_Turkey,0,3,3,9.86
Deli_Turkey,0,3,4,2.83
Deli_Turkey,0,3,5,9.06
Deli_Turkey,0,3,6,7.04
Deli_Turkey,0,3,7,3.9
Deli_Turkey,0,4,1,3.25
Deli_Turkey,0,4,2,2.82
Deli_Turkey,0,4,3,2.83
Deli_Turkey,0,4,4,0.62
Deli_Turkey,0,4,5,2.48
Deli_Turkey,0,4,6,1.94
Deli_Turkey,0,4,7,1.06
Deli_Turkey,0,5,1,8.3
Deli_Turkey,0,5,2,9.11
Deli_Turkey,0,5,3,9.06
Deli_Turkey,0,5,4,2.48
Deli_Turkey,0,5,5,10.36
Deli_Turkey,0,5,6,9.37
Deli_Turkey,0,5,7,4.32
Deli_Turkey,0,6,1,6.0
Deli_Turkey,0,6,2,7.15
Deli_Turkey,0,6,3,7.04
Deli_Turkey,0,6,4,1.94
Deli_Turkey,0,6,5,9.37
Deli_Turkey,0,6,6,7.94
Deli_Turkey,0,6,7,3.56
Deli_Turkey,0,7,1,3.7
Deli_Turkey,0,7,2,3.88
Deli_Turkey,0,7,3,3.9
Deli_Turkey,0,7,4,1.06
Deli_Turkey,0,7,5,4.32
Deli_Turkey,0,7,6,3.56
Deli_Turkey,0,7,7,1.58
Deli_Turkey,1,1,1,21.0505050505
Deli_Turkey,1,1,2,19.3131313131
Deli_Turkey,1,1,3,10.404040404
Deli_Turkey,1,1,4,8.7373737374
Deli_Turkey,1,1,5,14.8484848485
Deli_Turkey,1,1,6,9.0202020202
Deli_Turkey,1,1,7,4.6262626263
Deli_Turkey,1,2,1,19.3131313131
Deli_Turkey,1,2,2,17.595959596
Deli_Turkey,1,2,3,10.6868686869
Deli_Turkey,1,2,4,8.3636363636
Deli_Turkey,1,2,5,14.4747474747
Deli_Turkey,1,2,6,8.9696969697
Deli_Turkey,1,2,7,4.595959596
Deli_Turkey,1,3,1,10.404040404
Deli_Turkey,1,3,2,10.6868686869
Deli_Turkey,1,3,3,6.5050505051
Deli_Turkey,1,3,4,4.8787878788
Deli_Turkey,1,3,5,8.6767676768
Deli_Turkey,1,3,6,5.9090909091
Deli_Turkey,1,3,7,2.9393939394
Deli_Turkey,1,4,1,8.7373737374
Deli_Turkey,1,4,2,8.3636363636
Deli_Turkey,1,4,3,4.8787878788
Deli_Turkey,1,4,4,3.4747474747
Deli_Turkey,1,4,5,6.898989899
Deli_Turkey,1,4,6,4.5050505051
Deli_Turkey,1,4,7,2.1414141414
Deli_Turkey,1,5,1,14.8484848485
Deli_Turkey,1,5,2,14.4747474747
Deli_Turkey,1,5,3,8.6767676768
Deli_Turkey,1,5,4,6.898989899
Deli_Turkey,1,5,5,12.1616161616
Deli_Turkey,1,5,6,9.0404040404
Deli_Turkey,1,5,7,3.898989899
Deli_Turkey,1,6,1,9.0202020202
Deli_Turkey,1,6,2,8.9696969697
Deli_Turkey,1,6,3,5.9090909091
Deli_Turkey,1,6,4,4.5050505051
Deli_Turkey,1,6,5,9.0404040404
Deli_Turkey,1,6,6,6.8080808081
Deli_Turkey,1,6,7,2.7474747475
Deli_Turkey,1,7,1,4.6262626263
Deli_Turkey,1,7,2,4.595959596
Deli_Turkey,1,7,3,2.9393939394
Deli_Turkey,1,7,4,2.1414141414
Deli_Turkey,1,7,5,3.898989899
Deli_Turkey,1,7,6,2.7474747475
Deli_Turkey,1,7,7,1.0505050505
Hot_Dogs,0,1,1,31.2183908046
Hot_Dogs,0,1,2,23.6551724138
Hot_Dogs,0,1,3,17.183908046
Hot_Dogs,0,1,4,4.5632183908
Hot_Dogs,0,1,5,14.6781609195
Hot_Dogs,0,1,6,8.367816092
Hot_Dogs,0,1,7,5.3333333333
Hot_Dogs,0,2,1,23.6551724138
Hot_Dogs,0,2,2,19.0804597701
Hot_Dogs,0,2,3,14.6666666667
Hot_Dogs,0,2,4,3.6091954023
Hot_Dogs,0,2,5,15.9310344828
Hot_Dogs,0,2,6,9.7471264368
Hot_Dogs,0,2,7,5.3103448276
Hot_Dogs,0,3,1,17.183908046
Hot_Dogs,0,3,2,14.6666666667
Hot_Dogs,0,3,3,10.7126436782
Hot_Dogs,0,3,4,2.9195402299
Hot_Dogs,0,3,5,11.5632183908
Hot_Dogs,0,3,6,7.1494252874
Hot_Dogs,0,3,7,3.8045977011
Hot_Dogs,0,4,1,4.5632183908
Hot_Dogs,0,4,2,3.6091954023
Hot_Dogs,0,4,3,2.9195402299
Hot_Dogs,0,4,4,0.7356321839
Hot_Dogs,0,4,5,2.9655172414
Hot_Dogs,0,4,6,1.9655172414
Hot_Dogs,0,4,7,1.2413793103
Hot_Dogs,0,5,1,14.6781609195
Hot_Dogs,0,5,2,15.9310344828
Hot_Dogs,0,5,3,11.5632183908
Hot_Dogs,0,5,4,2.9655172414
Hot_Dogs,0,5,5,16.4597701149
Hot_Dogs,0,5,6,11.3448275862
Hot_Dogs,0,5,7,6.0574712644
Hot_Dogs,0,6,1,8.367816092
Hot_Dogs,0,6,2,9.7471264368
Hot_Dogs,0,6,3,7.1494252874
Hot_Dogs,0,6,4,1.9655172414
Hot_Dogs,0,6,5,11.3448275862
Hot_Dogs,0,6,6,7.3563218391
Hot_Dogs,0,6,7,4.0689655172
Hot_Dogs,0,7,1,5.3333333333
Hot_Dogs,0,7,2,5.3103448276
Hot_Dogs,0,7,3,3.8045977011
Hot_Dogs,0,7,4,1.2413793103
Hot_Dogs,0,7,5,6.0574712644
Hot_Dogs,0,7,6,4.0689655172
Hot_Dogs,0,7,7,2.183908046
Hot_Dogs,1,1,1,20.6753246753
Hot_Dogs,1,1,2,18.8701298701
Hot_Dogs,1,1,3,14.2857142857
Hot_Dogs,1,1,4,8.0909090909
Hot_Dogs,1,1,5,14.7922077922
Hot_Dogs,1,1,6,5.8701298701
Hot_Dogs,1,1,7,6.4155844156
Hot_Dogs,1,2,1,18.8701298701
Hot_Dogs,1,2,2,16.3376623377
Hot_Dogs,1,2,3,12.7792207792
Hot_Dogs,1,2,4,7.2987012987
Hot_Dogs,1,2,5,13.5584415584
Hot_Dogs,1,2,6,6.038961039
Hot_Dogs,1,2,7,6.1168831169
Hot_Dogs,1,3,1,14.2857142857
Hot_Dogs,1,3,2,12.7792207792
Hot_Dogs,1,3,3,9.4285714286
Hot_Dogs,1,3,4,5.6623376623
Hot_Dogs,1,3,5,10.2207792208
Hot_Dogs,1,3,6,4.7402597403
Hot_Dogs,1,3,7,4.8831168831
Hot_Dogs,1,4,1,8.0909090909
Hot_Dogs,1,4,2,7.2987012987
Hot_Dogs,1,4,3,5.6623376623
Hot_Dogs,1,4,4,2.8571428571
Hot_Dogs,1,4,5,5.6493506494
Hot_Dogs,1,4,6,2.6493506494
Hot_Dogs,1,4,7,2.7922077922
Hot_Dogs,1,5,1,14.7922077922
Hot_Dogs,1,5,2,13.5584415584
Hot_Dogs,1,5,3,10.2207792208
Hot_Dogs,1,5,4,5.6493506494
Hot_Dogs,1,5,5,10.0779220779
Hot_Dogs,1,5,6,4.7272727273
Hot_Dogs,1,5,7,4.974025974
Hot_Dogs,1,6,1,5.8701298701
Hot_Dogs,1,6,2,6.038961039
Hot_Dogs,1,6,3,4.7402597403
Hot_Dogs,1,6,4,2.6493506494
Hot_Dogs,1,6,5,4.7272727273
Hot_Dogs,1,6,6,2.4935064935
Hot_Dogs,1,6,7,2.4805194805
Hot_Dogs,1,7,1,6.4155844156
Hot_Dogs,1,7,2,6.1168831169
Hot_Dogs,1,7,3,4.8831168831
Hot_Dogs,1,7,4,2.7922077922
Hot_Dogs,1,7,5,4.974025974
Hot_Dogs,1,7,6,2.4805194805
Hot_Dogs,1,7,7,2.3376623377
Hot_Dogs,2,1,1,9.0526315789
Hot_Dogs,2,1,2,5.0526315789
Hot_Dogs,2,1,3,4.4736842105
Hot_Dogs,2,1,4,1.4210526316
Hot_Dogs,2,1,5,3.1052631579
Hot_Dogs,2,1,6,2.7368421053
Hot_Dogs,2,1,7,1.1578947368
Hot_Dogs,2,2,1,5.0526315789
Hot_Dogs,2,2,2,1.8947368421
Hot_Dogs,2,2,3,2.3157894737
Hot_Dogs,2,2,4,0.7368421053
Hot_Dogs,2,2,5,1.5789473684
Hot_Dogs,2,2,6,1.6842105263
Hot_Dogs,2,2,7,0.7368421053
Hot_Dogs,2,3,1,4.4736842105
Hot_Dogs,2,3,2,2.3157894737
Hot_Dogs,2,3,3,1.7894736842
Hot_Dogs,2,3,4,0.6842105263
Hot_Dogs,2,3,5,1.5263157895
Hot_Dogs,2,3,6,1.4736842105
Hot_Dogs,2,3,7,0.7368421053
Hot_Dogs,2,4,1,1.4210526316
Hot_Dogs,2,4,2,0.7368421053
Hot_Dogs,2,4,3,0.6842105263
Hot_Dogs,2,4,5,0.4736842105
Hot_Dogs,2,4,6,0.4736842105
Hot_Dogs,2,4,7,0.2105263158
Hot_Dogs,2,5,1,3.1052631579
Hot_Dogs,2,5,2,1.5789473684
Hot_Dogs,2,5,3,1.5263157895
Hot_Dogs,2,5,4,0.4736842105
Hot_Dogs,2,5,5,0.8421052632
Hot_Dogs,2,5,6,1.0526315789
Hot_Dogs,2,5,7,0.4210526316
Hot_Dogs,2,6,1,2.7368421053
Hot_Dogs,2,6,2,1.6842105263
Hot_Dogs,2,6,3,1.4736842105
Hot_Dogs,2,6,4,0.4736842105
Hot_Dogs,2,6,5,1.0526315789
Hot_Dogs,2,6,6,0.9473684211
Hot_Dogs,2,6,7,0.6315789474
Hot_Dogs,2,7,1,1.1578947368
Hot_Dogs,2,7,2,0.7368421053
Hot_Dogs,2,7,3,0.7368421053
Hot_Dogs,2,7,4,0.2105263158
Hot_Dogs,2,7,5,0.4210526316
Hot_Dogs,2,7,6,0.6315789474
Hot_Dogs,2,7,7,0.1052631579
Ice_Cream_Hard_Serve,0,1,1,3.5882352941
Ice_Cream_Hard_Serve,0,1,2,5.3431372549
Ice_Cream_Hard_Serve,0,1,3,6.0588235294
Ice_Cream_Hard_Serve,0,1,4,3.2352941176
Ice_Cream_Hard_Serve,0,1,5,10.362745098
Ice_Cream_Hard_Serve,0,1,6,8.2450980392
Ice_Cream_Hard_Serve,0,1,7,6.1666666667
Ice_Cream_Hard_Serve,0,2,1,5.3431372549
Ice_Cream_Hard_Serve,0,2,2,6.9607843137
Ice_Cream_Hard_Serve,0,2,3,8.5588235294
Ice_Cream_Hard_Serve,0,2,4,4.4607843137
Ice_Cream_Hard_Serve,0,2,5,14.5
Ice_Cream_Hard_Serve,0,2,6,11.4117647059
Ice_Cream_Hard_Serve,0,2,7,8.7647058824
Ice_Cream_Hard_Serve,0,3,1,6.0588235294
Ice_Cream_Hard_Serve,0,3,2,8.5588235294
Ice_Cream_Hard_Serve,0,3,3,9.5490196078
Ice_Cream_Hard_Serve,0,3,4,5.0980392157
Ice_Cream_Hard_Serve,0,3,5,17.2647058824
Ice_Cream_Hard_Serve,0,3,6,13.6764705882
Ice_Cream_Hard_Serve,0,3,7,11.7941176471
Ice_Cream_Hard_Serve,0,4,1,3.2352941176
Ice_Cream_Hard_Serve,0,4,2,4.4607843137
Ice_Cream_Hard_Serve,0,4,3,5.0980392157
Ice_Cream_Hard_Serve,0,4,4,2.3333333333
Ice_Cream_Hard_Serve,0,4,5,8.5784313725
Ice_Cream_Hard_Serve,0,4,6,6.8921568627
Ice_Cream_Hard_Serve,0,4,7,5.4019607843
Ice_Cream_Hard_Serve,0,5,1,10.362745098
Ice_Cream_Hard_Serve,0,5,2,14.5
Ice_Cream_Hard_Serve,0,5,3,17.2647058824
Ice_Cream_Hard_Serve,0,5,4,8.5784313725
Ice_Cream_Hard_Serve,0,5,5,28.5294117647
Ice_Cream_Hard_Serve,0,5,6,23.0784313725
Ice_Cream_Hard_Serve,0,5,7,19.6862745098
Ice_Cream_Hard_Serve,0,6,1,8.2450980392
Ice_Cream_Hard_Serve,0,6,2,11.4117647059
Ice_Cream_Hard_Serve,0,6,3,13.6764705882
Ice_Cream_Hard_Serve,0,6,4,6.8921568627
Ice_Cream_Hard_Serve,0,6,5,23.0784313725
Ice_Cream_Hard_Serve,0,6,6,17.5490196078
Ice_Cream_Hard_Serve,0,6,7,16.1470588235
Ice_Cream_Hard_Serve,0,7,1,6.1666666667
Ice_Cream_Hard_Serve,0,7,2,8.7647058824
Ice_Cream_Hard_Serve,0,7,3,11.7941176471
Ice_Cream_Hard_Serve,0,7,4,5.4019607843
Ice_Cream_Hard_Serve,0,7,5,19.6862745098
Ice_Cream_Hard_Serve,0,7,6,16.1470588235
Ice_Cream_Hard_Serve,0,7,7,17.0392156863
Ice_Cream_Hard_Serve,1,1,1,15.6455696203
Ice_Cream_Hard_Serve,1,1,2,11.7721518987
Ice_Cream_Hard_Serve,1,1,3,8.3544303797
Ice_Cream_Hard_Serve,1,1,4,2.8481012658
Ice_Cream_Hard_Serve,1,1,5,10.2911392405
Ice_Cream_Hard_Serve,1,1,6,6.9873417722
Ice_Cream_Hard_Serve,1,1,7,4.1012658228
Ice_Cream_Hard_Serve,1,2,1,11.7721518987
Ice_Cream_Hard_Serve,1,2,2,9.9493670886
Ice_Cream_Hard_Serve,1,2,3,8.4556962025
Ice_Cream_Hard_Serve,1,2,4,3.3164556962
Ice_Cream_Hard_Serve,1,2,5,12.2278481013
Ice_Cream_Hard_Serve,1,2,6,9.1898734177
Ice_Cream_Hard_Serve,1,2,7,5.0886075949
Ice_Cream_Hard_Serve,1,3,1,8.3544303797
Ice_Cream_Hard_Serve,1,3,2,8.4556962025
Ice_Cream_Hard_Serve,1,3,3,6.8101265823
Ice_Cream_Hard_Serve,1,3,4,2.9493670886
Ice_Cream_Hard_Serve,1,3,5,11.6075949367
Ice_Cream_Hard_Serve,1,3,6,8.8607594937
Ice_Cream_Hard_Serve,1,3,7,4.9620253165
Ice_Cream_Hard_Serve,1,4,1,2.8481012658
Ice_Cream_Hard_Serve,1,4,2,3.3164556962
Ice_Cream_Hard_Serve,1,4,3,2.9493670886
Ice_Cream_Hard_Serve,1,4,4,1.1392405063
Ice_Cream_Hard_Serve,1,4,5,5.2911392405
Ice_Cream_Hard_Serve,1,4,6,4.6708860759
Ice_Cream_Hard_Serve,1,4,7,2.7848101266
Ice_Cream_Hard_Serve,1,5,1,10.2911392405
Ice_Cream_Hard_Serve,1,5,2,12.2278481013
Ice_Cream_Hard_Serve,1,5,3,11.6075949367
Ice_Cream_Hard_Serve,1,5,4,5.2911392405
Ice_Cream_Hard_Serve,1,5,5,20.1772151899
Ice_Cream_Hard_Serve,1,5,6,18.2405063291
Ice_Cream_Hard_Serve,1,5,7,10.164556962
Ice_Cream_Hard_Serve,1,6,1,6.9873417722
Ice_Cream_Hard_Serve,1,6,2,9.1898734177
Ice_Cream_Hard_Serve,1,6,3,8.8607594937
Ice_Cream_Hard_Serve,1,6,4,4.6708860759
Ice_Cream_Hard_Serve,1,6,5,18.2405063291
Ice_Cream_Hard_Serve,1,6,6,16.1518987342
Ice_Cream_Hard_Serve,1,6,7,9.8987341772
Ice_Cream_Hard_Serve,1,7,1,4.1012658228
Ice_Cream_Hard_Serve,1,7,2,5.0886075949
Ice_Cream_Hard_Serve,1,7,3,4.9620253165
Ice_Cream_Hard_Serve,1,7,4,2.7848101266
Ice_Cream_Hard_Serve,1,7,5,10.164556962
Ice_Cream_Hard_Serve,1,7,6,9.8987341772
Ice_Cream_Hard_Serve,1,7,7,6.0
Meatballs,0,1,1,25.0408163265
Meatballs,0,1,2,19.8265306122
Meatballs,0,1,3,13.1428571429
Meatballs,0,1,4,8.3265306122
Meatballs,0,1,5,15.2040816327
Meatballs,0,1,6,10.3163265306
Meatballs,0,1,7,4.1428571429
Meatballs,0,2,1,19.8265306122
Meatballs,0,2,2,16.693877551
Meatballs,0,2,3,12.5612244898
Meatballs,0,2,4,7.387755102
Meatballs,0,2,5,16.4489795918
Meatballs,0,2,6,11.0816326531
Meatballs,0,2,7,5.0
Meatballs,0,3,1,13.1428571429
Meatballs,0,3,2,12.5612244898
Meatballs,0,3,3,9.5714285714
Meatballs,0,3,4,5.3469387755
Meatballs,0,3,5,12.887755102
Meatballs,0,3,6,8.1734693878
Meatballs,0,3,7,3.3163265306
Meatballs,0,4,1,8.3265306122
Meatballs,0,4,2,7.387755102
Meatballs,0,4,3,5.3469387755
Meatballs,0,4,4,2.9591836735
Meatballs,0,4,5,7.9081632653
Meatballs,0,4,6,5.5408163265
Meatballs,0,4,7,2.5306122449
Meatballs,0,5,1,15.2040816327
Meatballs,0,5,2,16.4489795918
Meatballs,0,5,3,12.887755102
Meatballs,0,5,4,7.9081632653
Meatballs,0,5,5,22.1836734694
Meatballs,0,5,6,16.5204081633
Meatballs,0,5,7,8.8469387755
Meatballs,0,6,1,10.3163265306
Meatballs,0,6,2,11.0816326531
Meatballs,0,6,3,8.1734693878
Meatballs,0,6,4,5.5408163265
Meatballs,0,6,5,16.5204081633
Meatballs,0,6,6,11.5102040816
Meatballs,0,6,7,6.8571428571
Meatballs,0,7,1,4.1428571429
Meatballs,0,7,2,5.0
Meatballs,0,7,3,3.3163265306
Meatballs,0,7,4,2.5306122449
Meatballs,0,7,5,8.8469387755
Meatballs,0,7,6,6.8571428571
Meatballs,0,7,7,4.306122449
Milk,0,1,1,16.3119266055
Milk,0,1,2,21.3577981651
Milk,0,1,3,13.0366972477
Milk,0,1,4,4.9357798165
Milk,0,1,5,13.3577981651
Milk,0,1,6,6.3027522936
Milk,0,1,7,3.6972477064
Milk,0,2,1,21.3577981651
Milk,0,2,2,26.9724770642
Milk,0,2,3,18.0733944954
Milk,0,2,4,7.1926605505
Milk,0,2,5,19.0275229358
Milk,0,2,6,9.2844036697
Milk,0,2,7,6.0917431193
Milk,0,3,1,13.0366972477
Milk,0,3,2,18.0733944954
Milk,0,3,3,12.0733944954
Milk,0,3,4,5.119266055
Milk,0,3,5,13.4770642202
Milk,0,3,6,7.1009174312
Milk,0,3,7,5.119266055
Milk,0,4,1,4.9357798165
Milk,0,4,2,7.1926605505
Milk,0,4,3,5.119266055
Milk,0,4,4,2.1100917431
Milk,0,4,5,5.8348623853
Milk,0,4,6,2.6972477064
Milk,0,4,7,2.1100917431
Milk,0,5,1,13.3577981651
Milk,0,5,2,19.0275229358
Milk,0,5,3,13.4770642202
Milk,0,5,4,5.8348623853
Milk,0,5,5,14.1467889908
Milk,0,5,6,7.5137614679
Milk,0,5,7,5.6422018349
Milk,0,6,1,6.3027522936
Milk,0,6,2,9.2844036697
Milk,0,6,3,7.1009174312
Milk,0,6,4,2.6972477064
Milk,0,6,5,7.5137614679
Milk,0,6,6,4.4587155963
Milk,0,6,7,3.6422018349
Milk,0,7,1,3.6972477064
Milk,0,7,2,6.0917431193
Milk,0,7,3,5.119266055
Milk,0,7,4,2.1100917431
Milk,0,7,5,5.6422018349
Milk,0,7,6,3.6422018349
Milk,0,7,7,2.6972477064
Milk,1,1,1,15.4951456311
Milk,1,1,2,21.0582524272
Milk,1,1,3,13.9126213592
Milk,1,1,4,4.0582524272
Milk,1,1,5,16.6699029126
Milk,1,1,6,4.5145631068
Milk,1,1,7,3.2912621359
Milk,1,2,1,21.0582524272
Milk,1,2,2,28.9514563107
Milk,1,2,3,20.1747572816
Milk,1,2,4,5.8932038835
Milk,1,2,5,23.6116504854
Milk,1,2,6,6.4660194175
Milk,1,2,7,4.8446601942
Milk,1,3,1,13.9126213592
Milk,1,3,2,20.1747572816
Milk,1,3,3,13.1650485437
Milk,1,3,4,3.7087378641
Milk,1,3,5,15.5048543689
Milk,1,3,6,4.3203883495
Milk,1,3,7,3.213592233
Milk,1,4,1,4.0582524272
Milk,1,4,2,5.8932038835
Milk,1,4,3,3.7087378641
Milk,1,4,4,1.2038834951
Milk,1,4,5,4.8834951456
Milk,1,4,6,1.2718446602
Milk,1,4,7,0.9805825243
Milk,1,5,1,16.6699029126
Milk,1,5,2,23.6116504854
Milk,1,5,3,15.5048543689
Milk,1,5,4,4.8834951456
Milk,1,5,5,18.2330097087
Milk,1,5,6,5.1650485437
Milk,1,5,7,3.932038835
Milk,1,6,1,4.5145631068
Milk,1,6,2,6.4660194175
Milk,1,6,3,4.3203883495
Milk,1,6,4,1.2718446602
Milk,1,6,5,5.1650485437
Milk,1,6,6,1.1844660194
Milk,1,6,7,1.0776699029
Milk,1,7,1,3.2912621359
Milk,1,7,2,4.8446601942
Milk,1,7,3,3.213592233
Milk,1,7,4,0.9805825243
Milk,1,7,5,3.932038835
Milk,1,7,6,1.0776699029
Milk,1,7,7,0.6601941748
Milk,2,1,1,19.900990099
Milk,2,1,2,24.7920792079
Milk,2,1,3,16.1881188119
Milk,2,1,4,4.5742574257
Milk,2,1,5,14.603960396
Milk,2,1,6,5.1089108911
Milk,2,1,7,2.8316831683
Milk,2,2,1,24.7920792079
Milk,2,2,2,31.1683168317
Milk,2,2,3,22.297029703
Milk,2,2,4,6.8415841584
Milk,2,2,5,23.2277227723
Milk,2,2,6,9.2376237624
Milk,2,2,7,5.4356435644
Milk,2,3,1,16.1881188119
Milk,2,3,2,22.297029703
Milk,2,3,3,15.5841584158
Milk,2,3,4,5.0297029703
Milk,2,3,5,17.9108910891
Milk,2,3,6,8.0297029703
Milk,2,3,7,4.9603960396
Milk,2,4,1,4.5742574257
Milk,2,4,2,6.8415841584
Milk,2,4,3,5.0297029703
Milk,2,4,4,1.7425742574
Milk,2,4,5,6.9702970297
Milk,2,4,6,3.0099009901
Milk,2,4,7,1.8316831683
Milk,2,5,1,14.603960396
Milk,2,5,2,23.2277227723
Milk,2,5,3,17.9108910891
Milk,2,5,4,6.9702970297
Milk,2,5,5,23.8613861386
Milk,2,5,6,11.4356435644
Milk,2,5,7,6.9900990099
Milk,2,6,1,5.1089108911
Milk,2,6,2,9.2376237624
Milk,2,6,3,8.0297029703
Milk,2,6,4,3.0099009901
Milk,2,6,5,11.4356435644
Milk,2,6,6,5.4455445545
Milk,2,6,7,3.7326732673
Milk,2,7,1,2.8316831683
Milk,2,7,2,5.4356435644
Milk,2,7,3,4.9603960396
Milk,2,7,4,1.8316831683
Milk,2,7,5,6.9900990099
Milk,2,7,6,3.7326732673
Milk,2,7,7,2.2178217822
Milk,3,1,1,15.3465346535
Milk,3,1,2,17.4455445545
Milk,3,1,3,12.9405940594
Milk,3,1,4,3.3267326733
Milk,3,1,5,14.603960396
Milk,3,1,6,7.3366336634
Milk,3,1,7,4.0
Milk,3,2,1,17.4455445545
Milk,3,2,2,23.4455445545
Milk,3,2,3,18.4158415842
Milk,3,2,4,4.8316831683
Milk,3,2,5,23.0099009901
Milk,3,2,6,11.8415841584
Milk,3,2,7,6.0099009901
Milk,3,3,1,12.9405940594
Milk,3,3,2,18.4158415842
Milk,3,3,3,14.2178217822
Milk,3,3,4,4.3663366337
Milk,3,3,5,19.9603960396
Milk,3,3,6,10.4257425743
Milk,3,3,7,5.6732673267
Milk,3,4,1,3.3267326733
Milk,3,4,2,4.8316831683
Milk,3,4,3,4.3663366337
Milk,3,4,4,1.2673267327
Milk,3,4,5,6.2079207921
Milk,3,4,6,3.8613861386
Milk,3,4,7,2.1386138614
Milk,3,5,1,14.603960396
Milk,3,5,2,23.0099009901
Milk,3,5,3,19.9603960396
Milk,3,5,4,6.2079207921
Milk,3,5,5,27.5445544554
Milk,3,5,6,15.7722772277
Milk,3,5,7,8.900990099
Milk,3,6,1,7.3366336634
Milk,3,6,2,11.8415841584
Milk,3,6,3,10.4257425743
Milk,3,6,4,3.8613861386
Milk,3,6,5,15.7722772277
Milk,3,6,6,10.6534653465
Milk,3,6,7,6.1089108911
Milk,3,7,1,4.0
Milk,3,7,2,6.0099009901
Milk,3,7,3,5.6732673267
Milk,3,7,4,2.1386138614
Milk,3,7,5,8.900990099
Milk,3,7,6,6.1089108911
Milk,3,7,7,3.1683168317
Mozzarella,0,1,1,12.3185840708
Mozzarella,0,1,2,12.8849557522
Mozzarella,0,1,3,12.3716814159
Mozzarella,0,1,4,4.7168141593
Mozzarella,0,1,5,14.1946902655
Mozzarella,0,1,6,7.1150442478
Mozzarella,0,1,7,2.3982300885
Mozzarella,0,2,1,12.8849557522
Mozzarella,0,2,2,14.4955752212
Mozzarella,0,2,3,14.796460177
Mozzarella,0,2,4,5.7168141593
Mozzarella,0,2,5,17.5309734513
Mozzarella,0,2,6,9.7699115044
Mozzarella,0,2,7,3.8053097345
Mozzarella,0,3,1,12.3716814159
Mozzarella,0,3,2,14.796460177
Mozzarella,0,3,3,14.0
Mozzarella,0,3,4,5.9911504425
Mozzarella,0,3,5,18.2477876106
Mozzarella,0,3,6,10.2831858407
Mozzarella,0,3,7,4.3097345133
Mozzarella,0,4,1,4.7168141593
Mozzarella,0,4,2,5.7168141593
Mozzarella,0,4,3,5.9911504425
Mozzarella,0,4,4,2.5309734513
Mozzarella,0,4,5,8.7079646018
Mozzarella,0,4,6,4.9646017699
Mozzarella,0,4,7,2.3716814159
Mozzarella,0,5,1,14.1946902655
Mozzarella,0,5,2,17.5309734513
Mozzarella,0,5,3,18.2477876106
Mozzarella,0,5,4,8.7079646018
Mozzarella,0,5,5,26.3185840708
Mozzarella,0,5,6,15.6194690265
Mozzarella,0,5,7,7.3805309735
Mozzarella,0,6,1,7.1150442478
Mozzarella,0,6,2,9.7699115044
Mozzarella,0,6,3,10.2831858407
Mozzarella,0,6,4,4.9646017699
Mozzarella,0,6,5,15.6194690265
Mozzarella,0,6,6,8.7256637168
Mozzarella,0,6,7,4.5221238938
Mozzarella,0,7,1,2.3982300885
Mozzarella,0,7,2,3.8053097345
Mozzarella,0,7,3,4.3097345133
Mozzarella,0,7,4,2.3716814159
Mozzarella,0,7,5,7.3805309735
Mozzarella,0,7,6,4.5221238938
Mozzarella,0,7,7,2.2123893805
Mozzarella,1,1,1,12.0198019802
Mozzarella,1,1,2,12.801980198
Mozzarella,1,1,3,10.7821782178
Mozzarella,1,1,4,5.9801980198
Mozzarella,1,1,5,15.0099009901
Mozzarella,1,1,6,8.5742574257
Mozzarella,1,1,7,5.8316831683
Mozzarella,1,2,1,12.801980198
Mozzarella,1,2,2,13.1287128713
Mozzarella,1,2,3,10.4257425743
Mozzarella,1,2,4,5.702970297
Mozzarella,1,2,5,14.8514851485
Mozzarella,1,2,6,8.3762376238
Mozzarella,1,2,7,5.7128712871
Mozzarella,1,3,1,10.7821782178
Mozzarella,1,3,2,10.4257425743
Mozzarella,1,3,3,9.4653465347
Mozzarella,1,3,4,5.2673267327
Mozzarella,1,3,5,13.3267326733
Mozzarella,1,3,6,7.5940594059
Mozzarella,1,3,7,5.1386138614
Mozzarella,1,4,1,5.9801980198
Mozzarella,1,4,2,5.702970297
Mozzarella,1,4,3,5.2673267327
Mozzarella,1,4,4,2.6138613861
Mozzarella,1,4,5,7.3564356436
Mozzarella,1,4,6,4.2673267327
Mozzarella,1,4,7,2.8118811881
Mozzarella,1,5,1,15.0099009901
Mozzarella,1,5,2,14.8514851485
Mozzarella,1,5,3,13.3267326733
Mozzarella,1,5,4,7.3564356436
Mozzarella,1,5,5,18.2772277228
Mozzarella,1,5,6,11.1188118812
Mozzarella,1,5,7,7.0594059406
Mozzarella,1,6,1,8.5742574257
Mozzarella,1,6,2,8.3762376238
Mozzarella,1,6,3,7.5940594059
Mozzarella,1,6,4,4.2673267327
Mozzarella,1,6,5,11.1188118812
Mozzarella,1,6,6,6.0198019802
Mozzarella,1,6,7,4.0495049505
Mozzarella,1,7,1,5.8316831683
Mozzarella,1,7,2,5.7128712871
Mozzarella,1,7,3,5.1386138614
Mozzarella,1,7,4,2.8118811881
Mozzarella,1,7,5,7.0594059406
Mozzarella,1,7,6,4.0495049505
Mozzarella,1,7,7,2.396039604
Nuggets,0,1,1,8.9333333333
Nuggets,0,1,2,9.9523809524
Nuggets,0,1,3,8.6285714286
Nuggets,0,1,4,3.4380952381
Nuggets,0,1,5,11.5619047619
Nuggets,0,1,6,5.4857142857
Nuggets,0,1,7,3.0
Nuggets,0,2,1,9.9523809524
Nuggets,0,2,2,10.1904761905
Nuggets,0,2,3,9.1428571429
Nuggets,0,2,4,3.6666666667
Nuggets,0,2,5,12.4761904762
Nuggets,0,2,6,6.0952380952
Nuggets,0,2,7,3.4761904762
Nuggets,0,3,1,8.6285714286
Nuggets,0,3,2,9.1428571429
Nuggets,0,3,3,7.580952381
Nuggets,0,3,4,3.4285714286
Nuggets,0,3,5,11.2761904762
Nuggets,0,3,6,5.6285714286
Nuggets,0,3,7,3.3142857143
Nuggets,0,4,1,3.4380952381
Nuggets,0,4,2,3.6666666667
Nuggets,0,4,3,3.4285714286
Nuggets,0,4,4,1.580952381
Nuggets,0,4,5,5.5428571429
Nuggets,0,4,6,3.1619047619
Nuggets,0,4,7,2.180952381
Nuggets,0,5,1,11.5619047619
Nuggets,0,5,2,12.4761904762
Nuggets,0,5,3,11.2761904762
Nuggets,0,5,4,5.5428571429
Nuggets,0,5,5,16.8571428571
Nuggets,0,5,6,9.7523809524
Nuggets,0,5,7,6.5333333333
Nuggets,0,6,1,5.4857142857
Nuggets,0,6,2,6.0952380952
Nuggets,0,6,3,5.6285714286
Nuggets,0,6,4,3.1619047619
Nuggets,0,6,5,9.7523809524
Nuggets,0,6,6,5.5428571429
Nuggets,0,6,7,4.3333333333
Nuggets,0,7,1,3.0
Nuggets,0,7,2,3.4761904762
Nuggets,0,7,3,3.3142857143
Nuggets,0,7,4,2.180952381
Nuggets,0,7,5,6.5333333333
Nuggets,0,7,6,4.3333333333
Nuggets,0,7,7,3.1619047619
Nuggets,1,1,1,5.3846153846
Nuggets,1,1,2,8.4871794872
Nuggets,1,1,3,7.1666666667
Nuggets,1,1,5,6.4743589744
Nuggets,1,1,6,5.0
Nuggets,1,1,7,1.4871794872
Nuggets,1,2,1,8.4871794872
Nuggets,1,2,2,14.1282051282
Nuggets,1,2,3,11.8205128205
Nuggets,1,2,5,12.9487179487
Nuggets,1,2,6,8.5641025641
Nuggets,1,2,7,3.0512820513
Nuggets,1,3,1,7.1666666667
Nuggets,1,3,2,11.8205128205
Nuggets,1,3,3,9.0
Nuggets,1,3,5,9.8717948718
Nuggets,1,3,6,6.8205128205
Nuggets,1,3,7,2.3205128205
Nuggets,1,5,1,6.4743589744
Nuggets,1,5,2,12.9487179487
Nuggets,1,5,3,9.8717948718
Nuggets,1,5,5,11.4615384615
Nuggets,1,5,6,7.358974359
Nuggets,1,5,7,2.8846153846
Nuggets,1,6,1,5.0
Nuggets,1,6,2,8.5641025641
Nuggets,1,6,3,6.8205128205
Nuggets,1,6,5,7.358974359
Nuggets,1,6,6,4.5384615385
Nuggets,1,6,7,1.7179487179
Nuggets,1,7,1,1.4871794872
Nuggets,1,7,2,3.0512820513
Nuggets,1,7,3,2.3205128205
Nuggets,1,7,5,2.8846153846
Nuggets,1,7,6,1.7179487179
Nuggets,1,7,7,0.5384615385
Nuggets,2,1,1,2.2142857143
Nuggets,2,1,2,3.5178571429
Nuggets,2,1,3,3.5714285714
Nuggets,2,1,5,4.0357142857
Nuggets,2,1,6,2.1071428571
Nuggets,2,1,7,1.5535714286
Nuggets,2,2,1,3.5178571429
Nuggets,2,2,2,7.5714285714
Nuggets,2,2,3,9.2857142857
Nuggets,2,2,5,10.8571428571
Nuggets,2,2,6,6.7321428571
Nuggets,2,2,7,4.0357142857
Nuggets,2,3,1,3.5714285714
Nuggets,2,3,2,9.2857142857
Nuggets,2,3,3,9.6785714286
Nuggets,2,3,5,12.2142857143
Nuggets,2,3,6,7.6428571429
Nuggets,2,3,7,4.6071428571
Nuggets,2,5,1,4.0357142857
Nuggets,2,5,2,10.8571428571
Nuggets,2,5,3,12.2142857143
Nuggets,2,5,5,17.3928571429
Nuggets,2,5,6,11.2857142857
Nuggets,2,5,7,6.2142857143
Nuggets,2,6,1,2.1071428571
Nuggets,2,6,2,6.7321428571
Nuggets,2,6,3,7.6428571429
Nuggets,2,6,5,11.2857142857
Nuggets,2,6,6,6.5714285714
Nuggets,2,6,7,3.6607142857
Nuggets,2,7,1,1.5535714286
Nuggets,2,7,2,4.0357142857
Nuggets,2,7,3,4.6071428571
Nuggets,2,7,5,6.2142857143
Nuggets,2,7,6,3.6607142857
Nuggets,2,7,7,1.9285714286
Pulled_Pork,0,1,1,11.9411764706
Pulled_Pork,0,1,2,17.5882352941
Pulled_Pork,0,1,3,11.2549019608
Pulled_Pork,0,1,4,4.8921568627
Pulled_Pork,0,1,5,13.1862745098
Pulled_Pork,0,1,6,7.6568627451
Pulled_Pork,0,1,7,2.4803921569
Pulled_Pork,0,2,1,17.5882352941
Pulled_Pork,0,2,2,24.568627451
Pulled_Pork,0,2,3,16.0
Pulled_Pork,0,2,4,7.0
Pulled_Pork,0,2,5,18.3333333333
Pulled_Pork,0,2,6,10.9607843137
Pulled_Pork,0,2,7,3.5490196078
Pulled_Pork,0,3,1,11.2549019608
Pulled_Pork,0,3,2,16.0
Pulled_Pork,0,3,3,10.137254902
Pulled_Pork,0,3,4,4.6274509804
Pulled_Pork,0,3,5,13.0784313725
Pulled_Pork,0,3,6,8.3529411765
Pulled_Pork,0,3,7,2.5490196078
Pulled_Pork,0,4,1,4.8921568627
Pulled_Pork,0,4,2,7.0
Pulled_Pork,0,4,3,4.6274509804
Pulled_Pork,0,4,4,1.8235294118
Pulled_Pork,0,4,5,5.6960784314
Pulled_Pork,0,4,6,3.8137254902
Pulled_Pork,0,4,7,1.1470588235
Pulled_Pork,0,5,1,13.1862745098
Pulled_Pork,0,5,2,18.3333333333
Pulled_Pork,0,5,3,13.0784313725
Pulled_Pork,0,5,4,5.6960784314
Pulled_Pork,0,5,5,15.9607843137
Pulled_Pork,0,5,6,11.4215686275
Pulled_Pork,0,5,7,3.3235294118
Pulled_Pork,0,6,1,7.6568627451
Pulled_Pork,0,6,2,10.9607843137
Pulled_Pork,0,6,3,8.3529411765
Pulled_Pork,0,6,4,3.8137254902
Pulled_Pork,0,6,5,11.4215686275
Pulled_Pork,0,6,6,8.3725490196
Pulled_Pork,0,6,7,2.4215686275
Pulled_Pork,0,7,1,2.4803921569
Pulled_Pork,0,7,2,3.5490196078
Pulled_Pork,0,7,3,2.5490196078
Pulled_Pork,0,7,4,1.1470588235
Pulled_Pork,0,7,5,3.3235294118
Pulled_Pork,0,7,6,2.4215686275
Pulled_Pork,0,7,7,0.5294117647
Pulled_Pork,1,1,1,7.1
Pulled_Pork,1,1,2,10.17
Pulled_Pork,1,1,3,9.08
Pulled_Pork,1,1,4,2.59
Pulled_Pork,1,1,5,8.33
Pulled_Pork,1,1,6,4.89
Pulled_Pork,1,1,7,1.84
Pulled_Pork,1,2,1,10.17
Pulled_Pork,1,2,2,13.86
Pulled_Pork,1,2,3,13.14
Pulled_Pork,1,2,4,3.99
Pulled_Pork,1,2,5,12.15
Pulled_Pork,1,2,6,6.99
Pulled_Pork,1,2,7,2.7
Pulled_Pork,1,3,1,9.08
Pulled_Pork,1,3,2,13.14
Pulled_Pork,1,3,3,11.5
Pulled_Pork,1,3,4,3.73
Pulled_Pork,1,3,5,11.99
Pulled_Pork,1,3,6,6.8
Pulled_Pork,1,3,7,2.76
Pulled_Pork,1,4,1,2.59
Pulled_Pork,1,4,2,3.99
Pulled_Pork,1,4,3,3.73
Pulled_Pork,1,4,4,1.04
Pulled_Pork,1,4,5,3.72
Pulled_Pork,1,4,6,2.07
Pulled_Pork,1,4,7,0.86
Pulled_Pork,1,5,1,8.33
Pulled_Pork,1,5,2,12.15
Pulled_Pork,1,5,3,11.99
Pulled_Pork,1,5,4,3.72
Pulled_Pork,1,5,5,16.2
Pulled_Pork,1,5,6,9.19
Pulled_Pork,1,5,7,4.42
Pulled_Pork,1,6,1,4.89
Pulled_Pork,1,6,2,6.99
Pulled_Pork,1,6,3,6.8
Pulled_Pork,1,6,4,2.07
Pulled_Pork,1,6,5,9.19
Pulled_Pork,1,6,6,4.68
Pulled_Pork,1,6,7,2.38
Pulled_Pork,1,7,1,1.84
Pulled_Pork,1,7,2,2.7
Pulled_Pork,1,7,3,2.76
Pulled_Pork,1,7,4,0.86
Pulled_Pork,1,7,5,4.42
Pulled_Pork,1,7,6,2.38
Pulled_Pork,1,7,7,1.04
Sour_Cream,0,1,1,7.8834951456
Sour_Cream,0,1,2,9.1650485437
Sour_Cream,0,1,3,9.4660194175
Sour_Cream,0,1,4,5.9029126214
Sour_Cream,0,1,5,11.2815533981
Sour_Cream,0,1,6,8.0
Sour_Cream,0,1,7,5.3009708738
Sour_Cream,0,2,1,9.1650485437
Sour_Cream,0,2,2,10.2524271845
Sour_Cream,0,2,3,12.0970873786
Sour_Cream,0,2,4,6.8737864078
Sour_Cream,0,2,5,15.3689320388
Sour_Cream,0,2,6,11.3009708738
Sour_Cream,0,2,7,7.9417475728
Sour_Cream,0,3,1,9.4660194175
Sour_Cream,0,3,2,12.0970873786
Sour_Cream,0,3,3,13.2233009709
Sour_Cream,0,3,4,7.5922330097
Sour_Cream,0,3,5,17.9029126214
Sour_Cream,0,3,6,13.3009708738
Sour_Cream,0,3,7,9.4174757282
Sour_Cream,0,4,1,5.9029126214
Sour_Cream,0,4,2,6.8737864078
Sour_Cream,0,4,3,7.5922330097
Sour_Cream,0,4,4,4.0582524272
Sour_Cream,0,4,5,8.9417475728
Sour_Cream,0,4,6,6.3786407767
Sour_Cream,0,4,7,4.2524271845
Sour_Cream,0,5,1,11.2815533981
Sour_Cream,0,5,2,15.3689320388
Sour_Cream,0,5,3,17.9029126214
Sour_Cream,0,5,4,8.9417475728
Sour_Cream,0,5,5,24.7184466019
Sour_Cream,0,5,6,19.7766990291
Sour_Cream,0,5,7,15.0097087379
Sour_Cream,0,6,1,8.0
Sour_Cream,0,6,2,11.3009708738
Sour_Cream,0,6,3,13.3009708738
Sour_Cream,0,6,4,6.3786407767
Sour_Cream,0,6,5,19.7766990291
Sour_Cream,0,6,6,14.9514563107
Sour_Cream,0,6,7,12.2912621359
Sour_Cream,0,7,1,5.3009708738
Sour_Cream,0,7,2,7.9417475728
Sour_Cream,0,7,3,9.4174757282
Sour_Cream,0,7,4,4.2524271845
Sour_Cream,0,7,5,15.0097087379
Sour_Cream,0,7,6,12.2912621359
Sour_Cream,0,7,7,9.786407767
Steak,0,1,1,62.914893617
Steak,0,1,2,30.5744680851
Steak,0,1,3,13.2340425532
Steak,0,1,4,11.829787234
Steak,0,1,5,24.0744680851
Steak,0,1,6,8.2872340426
Steak,0,1,7,5.085106383
Steak,0,2,1,30.5744680851
Steak,0,2,2,20.0212765957
Steak,0,2,3,9.4361702128
Steak,0,2,4,7.6595744681
Steak,0,2,5,18.7234042553
Steak,0,2,6,7.0957446809
Steak,0,2,7,4.4893617021
Steak,0,3,1,13.2340425532
Steak,0,3,2,9.4361702128
Steak,0,3,3,4.2340425532
Steak,0,3,4,3.4255319149
Steak,0,3,5,9.3617021277
Steak,0,3,6,3.3085106383
Steak,0,3,7,2.0
Steak,0,4,1,11.829787234
Steak,0,4,2,7.6595744681
Steak,0,4,3,3.4255319149
Steak,0,4,4,2.5319148936
Steak,0,4,5,6.6276595745
Steak,0,4,6,2.4361702128
Steak,0,4,7,1.4893617021
Steak,0,5,1,24.0744680851
Steak,0,5,2,18.7234042553
Steak,0,5,3,9.3617021277
Steak,0,5,4,6.6276595745
Steak,0,5,5,18.1063829787
Steak,0,5,6,6.8404255319
Steak,0,5,7,4.2659574468
Steak,0,6,1,8.2872340426
Steak,0,6,2,7.0957446809
Steak,0,6,3,3.3085106383
Steak,0,6,4,2.4361702128
Steak,0,6,5,6.8404255319
Steak,0,6,6,2.3191489362
Steak,0,6,7,1.7127659574
Steak,0,7,1,5.085106383
Steak,0,7,2,4.4893617021
Steak,0,7,3,2.0
Steak,0,7,4,1.4893617021
Steak,0,7,5,4.2659574468
Steak,0,7,6,1.7127659574
Steak,0,7,7,0.9574468085
Steak,1,1,1,63.7333333333
Steak,1,1,2,28.4777777778
Steak,1,1,3,17.7888888889
Steak,1,1,4,9.3666666667
Steak,1,1,5,13.7111111111
Steak,1,1,6,10.6333333333
Steak,1,1,7,3.2888888889
Steak,1,2,1,28.4777777778
Steak,1,2,2,14.3777777778
Steak,1,2,3,9.3222222222
Steak,1,2,4,5.3444444444
Steak,1,2,5,8.0666666667
Steak,1,2,6,5.5
Steak,1,2,7,1.9111111111
Steak,1,3,1,17.7888888889
Steak,1,3,2,9.3222222222
Steak,1,3,3,5.2444444444
Steak,1,3,4,3.3
Steak,1,3,5,4.8555555556
Steak,1,3,6,3.3333333333
Steak,1,3,7,1.1555555556
Steak,1,4,1,9.3666666667
Steak,1,4,2,5.3444444444
Steak,1,4,3,3.3
Steak,1,4,4,1.7333333333
Steak,1,4,5,2.7888888889
Steak,1,4,6,1.8
Steak,1,4,7,0.6666666667
Steak,1,5,1,13.7111111111
Steak,1,5,2,8.0666666667
Steak,1,5,3,4.8555555556
Steak,1,5,4,2.7888888889
Steak,1,5,5,4.3555555556
Steak,1,5,6,3.1222222222
Steak,1,5,7,1.1
Steak,1,6,1,10.6333333333
Steak,1,6,2,5.5
Steak,1,6,3,3.3333333333
Steak,1,6,4,1.8
Steak,1,6,5,3.1222222222
Steak,1,6,6,1.8888888889
Steak,1,6,7,0.7222222222
Steak,1,7,1,3.2888888889
Steak,1,7,2,1.9111111111
Steak,1,7,3,1.1555555556
Steak,1,7,4,0.6666666667
Steak,1,7,5,1.1
Steak,1,7,6,0.7222222222
Steak,1,7,7,0.1555555556
Unbreaded_Chicken_Breast,0,1,1,23.8431372549
Unbreaded_Chicken_Breast,0,1,2,17.7156862745
Unbreaded_Chicken_Breast,0,1,3,19.2156862745
Unbreaded_Chicken_Breast,0,1,4,11.0980392157
Unbreaded_Chicken_Breast,0,1,5,15.8431372549
Unbreaded_Chicken_Breast,0,1,6,12.0294117647
Unbreaded_Chicken_Breast,0,1,7,6.2549019608
Unbreaded_Chicken_Breast,0,2,1,17.7156862745
Unbreaded_Chicken_Breast,0,2,2,13.6666666667
Unbreaded_Chicken_Breast,0,2,3,14.7843137255
Unbreaded_Chicken_Breast,0,2,4,8.5980392157
Unbreaded_Chicken_Breast,0,2,5,13.2647058824
Unbreaded_Chicken_Breast,0,2,6,10.7549019608
Unbreaded_Chicken_Breast,0,2,7,5.2156862745
Unbreaded_Chicken_Breast,0,3,1,19.2156862745
Unbreaded_Chicken_Breast,0,3,2,14.7843137255
Unbreaded_Chicken_Breast,0,3,3,16.1568627451
Unbreaded_Chicken_Breast,0,3,4,9.1862745098
Unbreaded_Chicken_Breast,0,3,5,14.6176470588
Unbreaded_Chicken_Breast,0,3,6,11.8137254902
Unbreaded_Chicken_Breast,0,3,7,6.2254901961
Unbreaded_Chicken_Breast,0,4,1,11.0980392157
Unbreaded_Chicken_Breast,0,4,2,8.5980392157
Unbreaded_Chicken_Breast,0,4,3,9.1862745098
Unbreaded_Chicken_Breast,0,4,4,5.0
Unbreaded_Chicken_Breast,0,4,5,8.4705882353
Unbreaded_Chicken_Breast,0,4,6,6.2352941176
Unbreaded_Chicken_Breast,0,4,7,3.4117647059
Unbreaded_Chicken_Breast,0,5,1,15.8431372549
Unbreaded_Chicken_Breast,0,5,2,13.2647058824
Unbreaded_Chicken_Breast,0,5,3,14.6176470588
Unbreaded_Chicken_Breast,0,5,4,8.4705882353
Unbreaded_Chicken_Breast,0,5,5,13.4117647059
Unbreaded_Chicken_Breast,0,5,6,10.6078431373
Unbreaded_Chicken_Breast,0,5,7,5.7843137255
Unbreaded_Chicken_Breast,0,6,1,12.0294117647
Unbreaded_Chicken_Breast,0,6,2,10.7549019608
Unbreaded_Chicken_Breast,0,6,3,11.8137254902
Unbreaded_Chicken_Breast,0,6,4,6.2352941176
Unbreaded_Chicken_Breast,0,6,5,10.6078431373
Unbreaded_Chicken_Breast,0,6,6,8.862745098
Unbreaded_Chicken_Breast,0,6,7,4.6960784314
Unbreaded_Chicken_Breast,0,7,1,6.2549019608
Unbreaded_Chicken_Breast,0,7,2,5.2156862745
Unbreaded_Chicken_Breast,0,7,3,6.2254901961
Unbreaded_Chicken_Breast,0,7,4,3.4117647059
Unbreaded_Chicken_Breast,0,7,5,5.7843137255
Unbreaded_Chicken_Breast,0,7,6,4.6960784314
Unbreaded_Chicken_Breast,0,7,7,2.4117647059
Unbreaded_Chicken_Breast,1,1,1,17.6559139785
Unbreaded_Chicken_Breast,1,1,2,18.7741935484
Unbreaded_Chicken_Breast,1,1,3,13.064516129
Unbreaded_Chicken_Breast,1,1,4,8.0322580645
Unbreaded_Chicken_Breast,1,1,5,15.6451612903
Unbreaded_Chicken_Breast,1,1,6,8.7096774194
Unbreaded_Chicken_Breast,1,1,7,5.1182795699
Unbreaded_Chicken_Breast,1,2,1,18.7741935484
Unbreaded_Chicken_Breast,1,2,2,19.1397849462
Unbreaded_Chicken_Breast,1,2,3,13.6129032258
Unbreaded_Chicken_Breast,1,2,4,9.0752688172
Unbreaded_Chicken_Breast,1,2,5,18.5698924731
Unbreaded_Chicken_Breast,1,2,6,9.7204301075
Unbreaded_Chicken_Breast,1,2,7,6.1075268817
Unbreaded_Chicken_Breast,1,3,1,13.064516129
Unbreaded_Chicken_Breast,1,3,2,13.6129032258
Unbreaded_Chicken_Breast,1,3,3,9.6559139785
Unbreaded_Chicken_Breast,1,3,4,6.0752688172
Unbreaded_Chicken_Breast,1,3,5,12.0215053763
Unbreaded_Chicken_Breast,1,3,6,6.7956989247
Unbreaded_Chicken_Breast,1,3,7,4.7741935484
Unbreaded_Chicken_Breast,1,4,1,8.0322580645
Unbreaded_Chicken_Breast,1,4,2,9.0752688172
Unbreaded_Chicken_Breast,1,4,3,6.0752688172
Unbreaded_Chicken_Breast,1,4,4,4.3655913978
Unbreaded_Chicken_Breast,1,4,5,9.7741935484
Unbreaded_Chicken_Breast,1,4,6,5.2580645161
Unbreaded_Chicken_Breast,1,4,7,3.4193548387
Unbreaded_Chicken_Breast,1,5,1,15.6451612903
Unbreaded_Chicken_Breast,1,5,2,18.5698924731
Unbreaded_Chicken_Breast,1,5,3,12.0215053763
Unbreaded_Chicken_Breast,1,5,4,9.7741935484
Unbreaded_Chicken_Breast,1,5,5,19.7204301075
Unbreaded_Chicken_Breast,1,5,6,10.2150537634
Unbreaded_Chicken_Breast,1,5,7,7.0537634409
Unbreaded_Chicken_Breast,1,6,1,8.7096774194
Unbreaded_Chicken_Breast,1,6,2,9.7204301075
Unbreaded_Chicken_Breast,1,6,3,6.7956989247
Unbreaded_Chicken_Breast,1,6,4,5.2580645161
Unbreaded_Chicken_Breast,1,6,5,10.2150537634
Unbreaded_Chicken_Breast,1,6,6,5.5053763441
Unbreaded_Chicken_Breast,1,6,7,3.7956989247
Unbreaded_Chicken_Breast,1,7,1,5.1182795699
Unbreaded_Chicken_Breast,1,7,2,6.1075268817
Unbreaded_Chicken_Breast,1,7,3,4.7741935484
Unbreaded_Chicken_Breast,1,7,4,3.4193548387
Unbreaded_Chicken_Breast,1,7,5,7.0537634409
Unbreaded_Chicken_Breast,1,7,6,3.7956989247
Unbreaded_Chicken_Breast,1,7,7,2.7311827957
Yogurt,0,1,1,11.3846153846
Yogurt,0,1,2,11.8846153846
Yogurt,0,1,3,9.4038461538
Yogurt,0,1,4,5.5288461538
Yogurt,0,1,5,14.625
Yogurt,0,1,6,5.6442307692
Yogurt,0,1,7,2.5288461538
Yogurt,0,2,1,11.8846153846
Yogurt,0,2,2,12.7307692308
Yogurt,0,2,3,10.75
Yogurt,0,2,4,6.7211538462
Yogurt,0,2,5,18.9423076923
Yogurt,0,2,6,8.375
Yogurt,0,2,7,3.5961538462
Yogurt,0,3,1,9.4038461538
Yogurt,0,3,2,10.75
Yogurt,0,3,3,8.6923076923
Yogurt,0,3,4,5.5961538462
Yogurt,0,3,5,16.2596153846
Yogurt,0,3,6,7.4230769231
Yogurt,0,3,7,2.875
Yogurt,0,4,1,5.5288461538
Yogurt,0,4,2,6.7211538462
Yogurt,0,4,3,5.5961538462
Yogurt,0,4,4,3.4230769231
Yogurt,0,4,5,10.5288461538
Yogurt,0,4,6,5.2211538462
Yogurt,0,4,7,1.9807692308
Yogurt,0,5,1,14.625
Yogurt,0,5,2,18.9423076923
Yogurt,0,5,3,16.2596153846
Yogurt,0,5,4,10.5288461538
Yogurt,0,5,5,30.2115384615
Yogurt,0,5,6,15.4711538462
Yogurt,0,5,7,5.9615384615
Yogurt,0,6,1,5.6442307692
Yogurt,0,6,2,8.375
Yogurt,0,6,3,7.4230769231
Yogurt,0,6,4,5.2211538462
Yogurt,0,6,5,15.4711538462
Yogurt,0,6,6,7.8653846154
Yogurt,0,6,7,3.0
Yogurt,0,7,1,2.5288461538
Yogurt,0,7,2,3.5961538462
Yogurt,0,7,3,2.875
Yogurt,0,7,4,1.9807692308
Yogurt,0,7,5,5.9615384615
Yogurt,0,7,6,3.0
Yogurt,0,7,7,1.0576923077
Yogurt,1,1,1,5.6767676768
Yogurt,1,1,2,7.2525252525
Yogurt,1,1,3,5.2323232323
Yogurt,1,1,4,1.7777777778
Yogurt,1,1,5,6.7272727273
Yogurt,1,1,6,3.696969697
Yogurt,1,1,7,3.6363636364
Yogurt,1,2,1,7.2525252525
Yogurt,1,2,2,9.8383838384
Yogurt,1,2,3,7.0404040404
Yogurt,1,2,4,2.1212121212
Yogurt,1,2,5,8.6161616162
Yogurt,1,2,6,4.5151515152
Yogurt,1,2,7,4.6161616162
Yogurt,1,3,1,5.2323232323
Yogurt,1,3,2,7.0404040404
Yogurt,1,3,3,4.5858585859
Yogurt,1,3,4,1.5353535354
Yogurt,1,3,5,6.0909090909
Yogurt,1,3,6,3.2424242424
Yogurt,1,3,7,3.2727272727
Yogurt,1,4,1,1.7777777778
Yogurt,1,4,2,2.1212121212
Yogurt,1,4,3,1.5353535354
Yogurt,1,4,4,0.4242424242
Yogurt,1,4,5,1.9797979798
Yogurt,1,4,6,1.0909090909
Yogurt,1,4,7,1.0707070707
Yogurt,1,5,1,6.7272727273
Yogurt,1,5,2,8.6161616162
Yogurt,1,5,3,6.0909090909
Yogurt,1,5,4,1.9797979798
Yogurt,1,5,5,7.2929292929
Yogurt,1,5,6,4.1515151515
Yogurt,1,5,7,4.1414141414
Yogurt,1,6,1,3.696969697
Yogurt,1,6,2,4.5151515152
Yogurt,1,6,3,3.2424242424
Yogurt,1,6,4,1.0909090909
Yogurt,1,6,5,4.1515151515
Yogurt,1,6,6,2.0606060606
Yogurt,1,6,7,2.2424242424
Yogurt,1,7,1,3.6363636364
Yogurt,1,7,2,4.6161616162
Yogurt,1,7,3,3.2727272727
Yogurt,1,7,4,1.0707070707
Yogurt,1,7,5,4.1414141414
Yogurt,1,7,6,2.2424242424
Yogurt,1,7,7,2.0202020202
