category,gem_correct,bt_correct,adv,identification,contamination_sig,brand,external_recall
Bacon,1.0,0.0,1.0,False,False,False,False
Bacon,1.0,0.0,1.0,False,False,False,False
Bacon,0.0,0.0,0.0,False,False,False,False
Bacon,0.0,0.0,0.0,False,False,False,False
Bacon,1.0,1.0,0.0,False,False,False,False
Bacon,1.0,0.0,1.0,False,False,False,False
Bacon,1.0,1.0,0.0,False,False,False,False
Bacon,0.0,0.0,0.0,False,False,False,False
Bacon,0.0,0.0,0.0,False,False,False,False
Bacon,0.0,1.0,-1.0,False,False,False,False
Bacon,1.0,0.0,1.0,False,False,False,False
Bacon,1.0,0.0,1.0,False,False,False,False
Bacon,1.0,1.0,0.0,False,False,False,False
Bacon,1.0,0.0,1.0,False,False,False,False
Bacon,1.0,1.0,0.0,False,False,False,False
Bacon,0.0,1.0,-1.0,False,False,True,False
Bacon,0.0,1.0,-1.0,False,True,False,True
Bacon,0.0,0.0,0.0,False,False,False,False
Bacon,0.0,1.0,-1.0,False,False,False,False
Bacon,1.0,1.0,0.0,False,False,False,False
Bacon,0.0,1.0,-1.0,True,True,False,False
Bacon,1.0,1.0,0.0,False,False,False,False
Bacon,1.0,1.0,0.0,False,False,False,False
Bacon,0.0,0.0,0.0,False,False,False,False
Bacon,0.0,0.0,0.0,False,False,False,False
Bacon,1.0,1.0,0.0,False,False,False,False
Bacon,0.0,0.0,0.0,False,False,False,False
Bacon,0.0,0.0,0.0,False,False,False,False
Bacon,1.0,1.0,0.0,False,False,True,False
Bacon,1.0,1.0,0.0,False,False,False,False
Bacon,0.0,0.0,0.0,False,False,False,False
Bacon,0.0,1.0,-1.0,True,True,False,False
Bacon,1.0,0.0,1.0,False,False,False,False
Bacon,1.0,1.0,0.0,False,False,False,False
Bacon,0.0,0.0,0.0,False,False,False,False
Bacon,0.0,1.0,-1.0,False,False,False,False
Bacon,1.0,1.0,0.0,False,False,False,False
Bacon,0.0,0.0,0.0,False,False,False,False
Bacon,1.0,1.0,0.0,False,False,False,False
Bacon,1.0,1.0,0.0,False,False,False,False
Bacon,1.0,0.0,1.0,False,False,False,False
Bacon,1.0,1.0,0.0,False,False,False,False
Bacon,1.0,0.0,1.0,False,False,False,False
Bacon,1.0,0.0,1.0,False,False,False,False
Bacon,1.0,1.0,0.0,False,False,False,False
Barista_Milk,1.0,1.0,0.0,True,True,False,False
Barista_Milk,1.0,0.0,1.0,False,False,False,False
Barista_Milk,0.0,0.0,0.0,False,False,False,False
Barista_Milk,1.0,1.0,0.0,False,False,False,False
Barista_Milk,1.0,0.0,1.0,False,False,False,False
Barista_Milk,1.0,1.0,0.0,False,False,False,False
Barista_Milk,1.0,0.0,1.0,False,False,False,False
Barista_Milk,1.0,1.0,0.0,False,False,False,False
Barista_Milk,1.0,1.0,0.0,False,False,False,False
Barista_Milk,1.0,1.0,0.0,False,False,False,False
Barista_Milk,1.0,1.0,0.0,False,False,False,False
Barista_Milk,0.0,0.0,0.0,False,False,False,False
Barista_Milk,0.0,0.0,0.0,False,False,False,False
Barista_Milk,1.0,1.0,0.0,False,False,False,False
Barista_Milk,1.0,0.0,1.0,False,False,False,False
Barista_Milk,1.0,1.0,0.0,False,False,False,False
Barista_Milk,1.0,1.0,0.0,False,False,False,False
Barista_Milk,1.0,1.0,0.0,False,False,True,False
Barista_Milk,0.0,0.0,0.0,False,False,False,False
Barista_Milk,1.0,1.0,0.0,False,False,False,False
Barista_Milk,1.0,1.0,0.0,False,False,False,False
Barista_Milk,1.0,1.0,0.0,False,False,False,False
Barista_Milk,0.0,1.0,-1.0,False,False,False,False
Barista_Milk,1.0,1.0,0.0,False,False,False,False
Barista_Milk,1.0,0.0,1.0,False,False,False,False
Barista_Milk,1.0,1.0,0.0,False,False,False,False
Barista_Milk,1.0,1.0,0.0,False,False,False,False
Barista_Milk,1.0,1.0,0.0,False,False,False,False
Barista_Milk,1.0,1.0,0.0,False,False,False,False
Barista_Milk,1.0,1.0,0.0,False,False,False,False
Barista_Milk,0.0,1.0,-1.0,False,False,False,False
Barista_Milk,1.0,1.0,0.0,False,False,False,False
Barista_Milk,0.0,1.0,-1.0,True,True,False,False
Barista_Milk,1.0,0.0,1.0,False,False,False,False
Barista_Milk,0.0,0.0,0.0,True,True,False,False
Barista_Milk,0.0,0.0,0.0,False,False,False,False
Barista_Milk,1.0,1.0,0.0,True,True,False,False
Barista_Milk,1.0,1.0,0.0,True,True,False,False
Barista_Milk,1.0,1.0,0.0,False,False,False,False
Barista_Milk,1.0,1.0,0.0,False,False,True,False
Barista_Milk,1.0,1.0,0.0,False,False,False,False
Barista_Milk,1.0,0.0,1.0,False,False,False,False
Barista_Milk,0.0,1.0,-1.0,False,False,False,False
Bratwurst,0.0,1.0,-1.0,False,False,True,False
Bratwurst,0.0,0.0,0.0,False,False,False,False
Bratwurst,1.0,1.0,0.0,False,False,False,False
Bratwurst,1.0,0.0,1.0,False,False,False,False
Bratwurst,0.0,1.0,-1.0,False,False,False,False
Bratwurst,0.0,0.0,0.0,False,False,False,False
Bratwurst,1.0,1.0,0.0,False,False,False,False
Bratwurst,1.0,1.0,0.0,False,False,True,False
Bratwurst,1.0,1.0,0.0,False,False,False,False
Bratwurst,0.0,1.0,-1.0,False,False,False,False
Bratwurst,0.0,0.0,0.0,False,False,False,False
Bratwurst,1.0,1.0,0.0,False,False,False,False
Bratwurst,1.0,1.0,0.0,True,True,False,False
Bratwurst,1.0,0.0,1.0,False,False,False,False
Bratwurst,1.0,1.0,0.0,False,False,False,False
Bratwurst,1.0,1.0,0.0,False,False,True,False
Bratwurst,1.0,0.0,1.0,False,False,False,False
Bratwurst,0.0,0.0,0.0,False,False,False,False
Bratwurst,1.0,1.0,0.0,False,False,False,False
Bratwurst,1.0,1.0,0.0,False,False,False,False
Bratwurst,1.0,0.0,1.0,False,False,False,False
Bratwurst,1.0,1.0,0.0,False,False,False,False
Bratwurst,0.0,0.0,0.0,True,True,False,False
Bratwurst,1.0,1.0,0.0,False,True,False,True
Bratwurst,1.0,1.0,0.0,False,False,False,False
Bratwurst,1.0,1.0,0.0,False,False,False,False
Bratwurst,1.0,1.0,0.0,False,False,False,False
Bratwurst,1.0,1.0,0.0,False,False,False,False
Bratwurst,1.0,1.0,0.0,False,False,False,False
Bratwurst,1.0,1.0,0.0,True,True,False,False
Bratwurst,1.0,0.0,1.0,False,False,False,False
Bratwurst,0.0,0.0,0.0,False,False,False,False
Bratwurst,1.0,1.0,0.0,False,False,False,False
Bratwurst,0.0,0.0,0.0,False,False,False,False
Bratwurst,1.0,1.0,0.0,False,False,True,False
Bratwurst,0.0,0.0,0.0,False,False,False,False
Breaded_Chicken_Filet,0.0,0.0,0.0,False,False,False,False
Breaded_Chicken_Filet,1.0,1.0,0.0,False,False,False,False
Breaded_Chicken_Filet,0.0,1.0,-1.0,False,False,False,False
Breaded_Chicken_Filet,0.0,1.0,-1.0,False,False,False,False
Breaded_Chicken_Filet,1.0,1.0,0.0,True,True,False,False
Breaded_Chicken_Filet,0.0,1.0,-1.0,False,False,False,False
Breaded_Chicken_Filet,1.0,0.0,1.0,False,False,True,False
Breaded_Chicken_Filet,0.0,1.0,-1.0,False,False,False,False
Breaded_Chicken_Filet,0.0,1.0,-1.0,False,False,False,False
Breaded_Chicken_Filet,0.0,1.0,-1.0,False,False,False,False
Breakfast_Sausages,1.0,0.0,1.0,False,False,True,False
Breakfast_Sausages,0.0,0.0,0.0,False,False,False,False
Breakfast_Sausages,0.0,1.0,-1.0,False,False,False,False
Breakfast_Sausages,1.0,1.0,0.0,False,False,False,False
Breakfast_Sausages,0.0,0.0,0.0,False,False,False,False
Breakfast_Sausages,0.0,0.0,0.0,False,False,False,False
Breakfast_Sausages,0.0,0.0,0.0,False,False,False,False
Breakfast_Sausages,0.0,1.0,-1.0,False,False,False,False
Breakfast_Sausages,1.0,1.0,0.0,False,False,False,False
Breakfast_Sausages,0.0,1.0,-1.0,False,False,False,False
Breakfast_Sausages,0.0,0.0,0.0,False,False,False,False
Breakfast_Sausages,1.0,1.0,0.0,False,False,False,False
Breakfast_Sausages,0.0,1.0,-1.0,False,False,False,False
Breakfast_Sausages,1.0,1.0,0.0,False,False,False,False
Breakfast_Sausages,1.0,1.0,0.0,False,False,False,False
Breakfast_Sausages,1.0,0.0,1.0,False,False,False,False
Breakfast_Sausages,1.0,1.0,0.0,False,False,False,False
Breakfast_Sausages,1.0,1.0,0.0,False,False,False,False
Breakfast_Sausages,1.0,1.0,0.0,False,False,False,False
Breakfast_Sausages,1.0,1.0,0.0,False,False,False,False
Breakfast_Sausages,0.0,0.0,0.0,True,True,False,False
Breakfast_Sausages,1.0,1.0,0.0,False,True,True,True
Breakfast_Sausages,1.0,0.0,1.0,True,True,False,False
Breakfast_Sausages,1.0,1.0,0.0,False,False,False,False
Breakfast_Sausages,1.0,1.0,0.0,False,False,False,False
Breakfast_Sausages,1.0,1.0,0.0,True,True,False,False
Breakfast_Sausages,1.0,1.0,0.0,False,False,False,False
Breakfast_Sausages,1.0,1.0,0.0,False,False,False,False
Breakfast_Sausages,0.0,0.0,0.0,False,False,False,False
Breakfast_Sausages,0.0,1.0,-1.0,False,False,True,False
Breakfast_Sausages,0.0,1.0,-1.0,False,False,False,False
Breakfast_Sausages,0.0,1.0,-1.0,False,False,False,False
Breakfast_Sausages,0.0,0.0,0.0,False,False,False,False
Breakfast_Sausages,1.0,0.0,1.0,False,False,False,False
Breakfast_Sausages,1.0,1.0,0.0,False,False,False,False
Breakfast_Sausages,1.0,0.0,1.0,False,False,False,False
Breakfast_Sausages,0.0,1.0,-1.0,False,False,False,False
Breakfast_Sausages,1.0,1.0,0.0,False,False,True,False
Breakfast_Sausages,1.0,0.0,1.0,False,False,True,False
Breakfast_Sausages,1.0,0.0,1.0,True,True,True,False
Breakfast_Sausages,0.0,0.0,0.0,False,False,False,False
Breakfast_Sausages,1.0,1.0,0.0,True,True,False,False
Breakfast_Sausages,1.0,0.0,1.0,False,False,False,False
Breakfast_Sausages,0.0,0.0,0.0,False,False,False,False
Breakfast_Sausages,0.0,0.0,0.0,False,False,False,False
Burgers,1.0,1.0,0.0,True,True,False,False
Burgers,1.0,1.0,0.0,False,False,False,False
Burgers,1.0,0.0,1.0,False,False,True,False
Burgers,1.0,1.0,0.0,False,False,False,False
Burgers,1.0,1.0,0.0,False,False,False,False
Burgers,1.0,1.0,0.0,False,False,True,False
Burgers,0.0,1.0,-1.0,True,True,False,False
Burgers,0.0,1.0,-1.0,True,True,False,False
Burgers,0.0,1.0,-1.0,False,False,False,False
Burgers,1.0,1.0,0.0,False,False,False,False
Burgers,1.0,1.0,0.0,False,False,False,False
Burgers,1.0,1.0,0.0,False,False,False,False
Burgers,1.0,1.0,0.0,False,False,False,False
Burgers,0.0,0.0,0.0,False,False,True,False
Burgers,0.0,1.0,-1.0,False,False,False,False
Burgers,1.0,0.0,1.0,False,False,False,False
Burgers,1.0,1.0,0.0,False,False,False,False
Burgers,0.0,1.0,-1.0,False,True,False,True
Burgers,1.0,0.0,1.0,False,False,False,False
Burgers,1.0,1.0,0.0,True,True,False,False
Burgers,1.0,1.0,0.0,False,False,False,False
Burgers,1.0,1.0,0.0,True,True,False,False
Burgers,1.0,1.0,0.0,False,True,False,True
Burgers,1.0,1.0,0.0,False,False,False,False
Burgers,1.0,0.0,1.0,False,False,False,False
Burgers,1.0,1.0,0.0,False,False,False,False
Burgers,1.0,1.0,0.0,False,False,False,False
Burgers,1.0,1.0,0.0,False,False,True,False
Burgers,1.0,0.0,1.0,False,False,False,False
Burgers,1.0,1.0,0.0,False,False,False,False
Burgers,0.0,0.0,0.0,False,False,False,False
Burgers,1.0,1.0,0.0,True,True,False,False
Burgers,1.0,1.0,0.0,True,True,True,True
Burgers,1.0,1.0,0.0,False,False,False,False
Burgers,1.0,1.0,0.0,False,False,False,False
Burgers,1.0,1.0,0.0,False,False,True,False
Burgers,1.0,1.0,0.0,True,True,False,False
Burgers,1.0,1.0,0.0,False,False,False,False
Burgers,0.0,0.0,0.0,False,False,True,False
Burgers,1.0,1.0,0.0,False,False,False,False
Burgers,1.0,1.0,0.0,False,False,False,False
Burgers,1.0,0.0,1.0,False,False,True,False
Burgers,0.0,1.0,-1.0,False,False,False,False
Burgers,1.0,1.0,0.0,False,False,False,False
Burgers,1.0,1.0,0.0,False,False,False,False
Butter,0.0,0.0,0.0,False,False,False,False
Butter,1.0,1.0,0.0,True,True,False,False
Butter,1.0,1.0,0.0,False,False,False,False
Butter,1.0,1.0,0.0,False,False,False,False
Butter,1.0,1.0,0.0,False,False,False,False
Butter,0.0,0.0,0.0,True,True,False,False
Butter,1.0,1.0,0.0,False,False,False,False
Butter,1.0,0.0,1.0,False,False,False,False
Butter,0.0,0.0,0.0,False,False,False,False
Butter,1.0,1.0,0.0,False,False,False,False
Butter,1.0,1.0,0.0,False,False,False,False
Butter,1.0,0.0,1.0,False,False,False,False
Butter,1.0,1.0,0.0,False,False,False,False
Butter,0.0,1.0,-1.0,False,False,False,False
Butter,0.0,0.0,0.0,False,False,False,False
Butter,1.0,1.0,0.0,True,True,False,False
Butter,1.0,0.0,1.0,False,False,True,False
Butter,0.0,1.0,-1.0,False,False,False,False
Butter,0.0,0.0,0.0,False,False,True,False
Butter,0.0,1.0,-1.0,False,False,True,False
Butter,0.0,1.0,-1.0,True,True,False,False
Butter,1.0,1.0,0.0,False,False,False,False
Butter,1.0,1.0,0.0,False,False,False,False
Butter,1.0,0.0,1.0,False,False,True,False
Butter,1.0,0.0,1.0,False,False,False,False
Butter,0.0,0.0,0.0,True,True,False,False
Butter,1.0,1.0,0.0,False,False,False,False
Butter,1.0,1.0,0.0,False,False,False,False
Butter,1.0,1.0,0.0,False,False,False,False
Butter,0.0,1.0,-1.0,True,True,False,True
Butter,1.0,1.0,0.0,False,False,False,False
Butter,1.0,1.0,0.0,False,False,False,False
Butter,1.0,1.0,0.0,False,False,False,False
Butter,0.0,0.0,0.0,False,False,False,False
Butter,0.0,1.0,-1.0,False,False,True,False
Butter,1.0,1.0,0.0,False,False,False,False
Butter,1.0,1.0,0.0,False,False,False,False
Butter,1.0,1.0,0.0,False,False,False,False
Butter,1.0,1.0,0.0,True,True,False,False
Butter,0.0,1.0,-1.0,False,False,True,False
Butter,1.0,1.0,0.0,False,False,False,False
Butter,1.0,1.0,0.0,False,False,False,False
Butter,1.0,0.0,1.0,False,False,False,False
Butter,1.0,1.0,0.0,False,False,False,False
Butter,0.0,0.0,0.0,False,False,False,False
Cheddar_Cheese,1.0,0.0,1.0,False,False,False,False
Cheddar_Cheese,1.0,1.0,0.0,False,False,False,False
Cheddar_Cheese,1.0,0.0,1.0,False,False,False,False
Cheddar_Cheese,1.0,0.0,1.0,False,False,False,False
Cheddar_Cheese,0.0,1.0,-1.0,False,False,False,False
Cheddar_Cheese,1.0,1.0,0.0,False,False,False,False
Cheddar_Cheese,1.0,1.0,0.0,False,False,False,False
Cheddar_Cheese,0.0,1.0,-1.0,False,False,False,False
Cheddar_Cheese,1.0,0.0,1.0,False,False,False,False
Cheddar_Cheese,1.0,1.0,0.0,False,False,False,False
Cheddar_Cheese,1.0,1.0,0.0,False,False,False,False
Cheddar_Cheese,0.0,1.0,-1.0,False,False,False,False
Cheddar_Cheese,1.0,0.0,1.0,False,False,False,False
Cheddar_Cheese,1.0,1.0,0.0,False,False,False,False
Cheddar_Cheese,1.0,1.0,0.0,True,True,True,False
Cheddar_Cheese,0.0,1.0,-1.0,False,False,False,False
Cheddar_Cheese,0.0,0.0,0.0,False,False,False,False
Cheddar_Cheese,1.0,0.0,1.0,False,False,False,False
Cheddar_Cheese,1.0,0.0,1.0,False,False,False,False
Cheddar_Cheese,1.0,0.0,1.0,False,False,False,False
Cheddar_Cheese,1.0,1.0,0.0,False,False,False,False
Cheddar_Cheese,1.0,0.0,1.0,False,False,False,False
Cheddar_Cheese,1.0,1.0,0.0,False,False,False,False
Cheddar_Cheese,0.0,1.0,-1.0,False,False,False,False
Cheddar_Cheese,1.0,1.0,0.0,True,True,True,True
Cheddar_Cheese,1.0,1.0,0.0,False,False,False,False
Cheddar_Cheese,1.0,1.0,0.0,False,False,False,False
Chicken_Strips,1.0,0.0,1.0,False,False,False,False
Chicken_Strips,1.0,0.0,1.0,False,False,True,False
Chicken_Strips,1.0,0.0,1.0,False,False,False,False
Chicken_Strips,0.0,0.0,0.0,False,False,True,False
Chicken_Strips,1.0,1.0,0.0,False,False,True,False
Chicken_Strips,1.0,0.0,1.0,False,False,False,False
Chicken_Strips,1.0,1.0,0.0,False,False,False,False
Chicken_Strips,1.0,0.0,1.0,True,True,True,False
Chicken_Strips,0.0,1.0,-1.0,False,False,False,False
Chicken_Strips,1.0,0.0,1.0,False,False,False,False
Chicken_Strips,1.0,0.0,1.0,False,False,False,False
Chicken_Strips,1.0,0.0,1.0,False,False,False,False
Chicken_Strips,0.0,1.0,-1.0,False,False,False,False
Chicken_Strips,1.0,1.0,0.0,False,False,True,False
Chicken_Strips,0.0,1.0,-1.0,False,False,False,False
Chicken_Strips,0.0,1.0,-1.0,False,False,False,False
Chicken_Strips,0.0,1.0,-1.0,False,False,False,False
Chicken_Strips,0.0,1.0,-1.0,False,False,True,False
Chicken_Strips,1.0,1.0,0.0,False,False,False,False
Chicken_Strips,0.0,1.0,-1.0,False,False,True,False
Chicken_Strips,0.0,1.0,-1.0,False,False,False,False
Chicken_Strips,0.0,1.0,-1.0,False,False,False,False
Chicken_Strips,1.0,1.0,0.0,False,False,False,False
Chicken_Strips,1.0,0.0,1.0,False,False,False,False
Chicken_Strips,1.0,1.0,0.0,False,False,False,False
Chicken_Strips,1.0,0.0,1.0,False,False,False,False
Chicken_Strips,1.0,0.0,1.0,False,False,False,False
Chicken_Strips,1.0,0.0,1.0,False,False,False,False
Chicken_Strips,0.0,0.0,0.0,False,False,False,False
Chicken_Strips,1.0,0.0,1.0,True,True,True,False
Chicken_Strips,0.0,1.0,-1.0,False,False,False,False
Chicken_Strips,1.0,0.0,1.0,False,False,False,False
Chicken_Strips,0.0,0.0,0.0,False,False,False,False
Chicken_Strips,0.0,1.0,-1.0,False,False,False,False
Chicken_Strips,0.0,1.0,-1.0,False,False,False,False
Chicken_Strips,0.0,0.0,0.0,False,False,False,False
Chicken_Strips,0.0,1.0,-1.0,False,False,False,False
Chicken_Strips,1.0,1.0,0.0,False,False,False,False
Chicken_Strips,1.0,0.0,1.0,True,True,True,False
Chicken_Strips,1.0,1.0,0.0,False,False,False,False
Chicken_Strips,1.0,0.0,1.0,False,False,False,False
Chicken_Strips,0.0,0.0,0.0,False,False,False,False
Chicken_Strips,0.0,1.0,-1.0,True,True,False,False
Chicken_Strips,0.0,1.0,-1.0,False,False,False,False
Chicken_Strips,0.0,1.0,-1.0,False,False,True,False
Cream_Cheese,0.0,1.0,-1.0,False,False,False,False
Cream_Cheese,0.0,1.0,-1.0,False,False,False,False
Cream_Cheese,1.0,0.0,1.0,False,False,False,False
Cream_Cheese,1.0,0.0,1.0,False,False,False,False
Cream_Cheese,1.0,0.0,1.0,True,True,False,False
Cream_Cheese,1.0,0.0,1.0,False,False,False,False
Cream_Cheese,1.0,1.0,0.0,False,False,False,False
Cream_Cheese,1.0,0.0,1.0,False,False,False,False
Cream_Cheese,1.0,1.0,0.0,False,False,False,False
Cream_Cheese,1.0,0.0,1.0,True,True,False,False
Cream_Cheese,1.0,0.0,1.0,False,False,True,False
Cream_Cheese,1.0,1.0,0.0,False,False,False,False
Cream_Cheese,1.0,1.0,0.0,False,False,False,False
Cream_Cheese,1.0,0.0,1.0,False,False,False,False
Cream_Cheese,1.0,1.0,0.0,False,False,False,False
Cream_Cheese,0.0,1.0,-1.0,False,False,False,False
Cream_Cheese,1.0,0.0,1.0,False,False,False,False
Cream_Cheese,1.0,1.0,0.0,False,True,False,True
Cream_Cheese,1.0,1.0,0.0,False,False,False,False
Cream_Cheese,0.0,1.0,-1.0,True,True,False,False
Cream_Cheese,0.0,1.0,-1.0,False,False,False,False
Cream_Cheese,1.0,0.0,1.0,False,False,False,False
Cream_Cheese,0.0,0.0,0.0,False,False,False,False
Cream_Cheese,1.0,1.0,0.0,False,False,False,False
Cream_Cheese,0.0,1.0,-1.0,False,False,False,False
Cream_Cheese,1.0,0.0,1.0,False,False,False,False
Cream_Cheese,1.0,1.0,0.0,False,False,False,False
Cream_Cheese,0.0,1.0,-1.0,False,False,False,False
Cream_Cheese,0.0,1.0,-1.0,False,False,False,False
Cream_Cheese,1.0,0.0,1.0,False,False,False,False
Cream_Cheese,1.0,0.0,1.0,False,False,False,False
Cream_Cheese,0.0,1.0,-1.0,False,False,False,False
Cream_Cheese,1.0,1.0,0.0,False,False,False,False
Cream_Cheese,0.0,1.0,-1.0,False,False,False,False
Cream_Cheese,0.0,1.0,-1.0,True,True,False,False
Cream_Cheese,1.0,1.0,0.0,False,False,False,False
Cream_Cheese,1.0,0.0,1.0,False,False,False,False
Cream_Cheese,0.0,1.0,-1.0,True,True,False,False
Cream_Cheese,1.0,1.0,0.0,False,False,False,False
Cream_Cheese,0.0,1.0,-1.0,True,True,False,False
Cream_Cheese,1.0,0.0,1.0,False,False,False,False
Cream_Cheese,1.0,0.0,1.0,False,False,False,False
Cream_Cheese,1.0,1.0,0.0,False,False,False,False
Cream_Cheese,1.0,1.0,0.0,True,True,False,False
Cream_Cheese,1.0,0.0,1.0,False,False,False,False
Creamer,1.0,0.0,1.0,False,False,False,False
Creamer,1.0,1.0,0.0,False,False,False,False
Creamer,0.0,0.0,0.0,False,False,False,False
Creamer,1.0,1.0,0.0,False,False,False,False
Creamer,1.0,0.0,1.0,False,False,False,False
Creamer,1.0,1.0,0.0,False,False,False,False
Creamer,1.0,1.0,0.0,False,False,False,False
Creamer,1.0,1.0,0.0,False,False,False,False
Creamer,0.0,0.0,0.0,False,False,False,False
Creamer,1.0,0.0,1.0,False,False,False,False
Creamer,1.0,1.0,0.0,False,False,False,False
Creamer,1.0,1.0,0.0,False,False,False,False
Creamer,0.0,0.0,0.0,False,False,False,False
Creamer,1.0,0.0,1.0,False,False,False,False
Creamer,1.0,1.0,0.0,False,False,False,False
Creamer,1.0,1.0,0.0,False,False,False,False
Creamer,1.0,1.0,0.0,False,False,False,False
Creamer,1.0,1.0,0.0,False,False,False,False
Creamer,1.0,1.0,0.0,False,False,False,False
Creamer,1.0,1.0,0.0,True,True,False,False
Creamer,1.0,1.0,0.0,False,False,False,False
Creamer,1.0,1.0,0.0,True,True,False,False
Creamer,1.0,1.0,0.0,False,False,False,False
Creamer,0.0,0.0,0.0,False,False,False,False
Creamer,1.0,1.0,0.0,False,False,False,False
Creamer,1.0,0.0,1.0,False,False,False,False
Creamer,1.0,1.0,0.0,False,False,False,False
Creamer,1.0,1.0,0.0,False,False,False,False
Creamer,1.0,1.0,0.0,False,False,False,False
Creamer,1.0,1.0,0.0,False,False,False,False
Creamer,1.0,1.0,0.0,False,False,False,False
Creamer,1.0,1.0,0.0,False,False,False,False
Creamer,1.0,1.0,0.0,False,False,False,False
Creamer,1.0,1.0,0.0,False,False,False,False
Creamer,1.0,0.0,1.0,False,False,False,False
Creamer,1.0,1.0,0.0,False,False,False,False
Deli_Ham,0.0,1.0,-1.0,False,False,False,False
Deli_Ham,1.0,1.0,0.0,False,False,False,False
Deli_Ham,0.0,0.0,0.0,False,True,False,True
Deli_Ham,1.0,1.0,0.0,True,True,True,False
Deli_Ham,0.0,1.0,-1.0,True,True,True,False
Deli_Ham,1.0,1.0,0.0,False,False,False,False
Deli_Ham,0.0,1.0,-1.0,False,False,False,False
Deli_Ham,0.0,1.0,-1.0,False,False,False,False
Deli_Ham,0.0,1.0,-1.0,True,True,True,False
Deli_Ham,0.0,1.0,-1.0,False,False,False,False
Deli_Ham,0.0,1.0,-1.0,True,True,True,False
Deli_Ham,1.0,1.0,0.0,False,False,False,False
Deli_Ham,1.0,1.0,0.0,True,True,True,False
Deli_Ham,0.0,0.0,0.0,False,True,False,True
Deli_Ham,1.0,1.0,0.0,False,True,False,True
Deli_Ham,0.0,1.0,-1.0,False,False,False,False
Deli_Ham,0.0,1.0,-1.0,False,False,False,False
Deli_Ham,0.0,1.0,-1.0,False,False,True,False
Deli_Ham,1.0,1.0,0.0,False,False,False,False
Deli_Ham,0.0,0.0,0.0,False,False,False,False
Deli_Ham,0.0,1.0,-1.0,False,False,True,False
Deli_Ham,1.0,1.0,0.0,False,False,False,False
Deli_Ham,0.0,1.0,-1.0,True,True,False,False
Deli_Ham,1.0,1.0,0.0,True,True,False,False
Deli_Ham,1.0,0.0,1.0,True,True,True,False
Deli_Ham,1.0,1.0,0.0,False,False,False,False
Deli_Ham,0.0,0.0,0.0,False,False,False,False
Deli_Ham,1.0,1.0,0.0,False,False,True,False
Deli_Ham,0.0,0.0,0.0,False,False,False,False
Deli_Ham,0.0,1.0,-1.0,True,True,True,False
Deli_Ham,1.0,1.0,0.0,False,False,False,False
Deli_Ham,1.0,1.0,0.0,False,False,False,False
Deli_Ham,0.0,1.0,-1.0,False,False,False,False
Deli_Ham,0.0,1.0,-1.0,True,True,False,False
Deli_Ham,1.0,1.0,0.0,False,False,False,False
Deli_Turkey,1.0,0.0,1.0,False,False,False,False
Deli_Turkey,0.0,1.0,-1.0,True,True,False,False
Deli_Turkey,1.0,1.0,0.0,False,False,True,False
Deli_Turkey,1.0,1.0,0.0,True,True,False,False
Deli_Turkey,1.0,1.0,0.0,False,False,False,False
Deli_Turkey,0.0,1.0,-1.0,True,True,False,False
Deli_Turkey,0.0,1.0,-1.0,False,False,False,False
Deli_Turkey,0.0,1.0,-1.0,False,False,True,False
Deli_Turkey,1.0,1.0,0.0,True,True,False,False
Deli_Turkey,1.0,0.0,1.0,False,False,False,False
Deli_Turkey,0.0,1.0,-1.0,False,False,False,False
Deli_Turkey,1.0,0.0,1.0,False,False,False,False
Deli_Turkey,1.0,0.0,1.0,False,False,False,False
Deli_Turkey,1.0,1.0,0.0,False,False,False,False
Deli_Turkey,0.0,1.0,-1.0,False,False,False,False
Deli_Turkey,1.0,0.0,1.0,False,False,False,False
Deli_Turkey,0.0,1.0,-1.0,False,False,False,False
Deli_Turkey,0.0,1.0,-1.0,True,True,True,False
Deli_Turkey,1.0,1.0,0.0,False,False,False,False
Deli_Turkey,1.0,0.0,1.0,False,False,False,False
Deli_Turkey,1.0,1.0,0.0,True,True,True,False
Hot_Dogs,1.0,1.0,0.0,False,False,False,False
Hot_Dogs,1.0,1.0,0.0,False,False,False,False
Hot_Dogs,1.0,1.0,0.0,False,False,False,False
Hot_Dogs,1.0,0.0,1.0,False,False,False,False
Hot_Dogs,1.0,0.0,1.0,False,False,False,False
Hot_Dogs,1.0,1.0,0.0,True,True,False,False
Hot_Dogs,0.0,0.0,0.0,False,False,False,False
Hot_Dogs,1.0,1.0,0.0,True,True,False,False
Hot_Dogs,1.0,1.0,0.0,False,False,False,False
Hot_Dogs,1.0,1.0,0.0,False,False,True,False
Hot_Dogs,0.0,1.0,-1.0,False,False,True,False
Hot_Dogs,0.0,1.0,-1.0,False,False,False,False
Hot_Dogs,0.0,0.0,0.0,False,False,True,False
Hot_Dogs,0.0,1.0,-1.0,False,False,False,False
Hot_Dogs,1.0,0.0,1.0,False,False,False,False
Hot_Dogs,1.0,1.0,0.0,True,True,True,False
Hot_Dogs,1.0,1.0,0.0,False,False,False,False
Hot_Dogs,1.0,1.0,0.0,False,False,False,False
Hot_Dogs,1.0,1.0,0.0,False,False,False,False
Hot_Dogs,0.0,1.0,-1.0,False,False,False,False
Hot_Dogs,1.0,1.0,0.0,False,False,False,False
Hot_Dogs,1.0,1.0,0.0,False,False,False,False
Hot_Dogs,1.0,0.0,1.0,False,False,False,False
Hot_Dogs,1.0,1.0,0.0,False,False,False,False
Hot_Dogs,0.0,0.0,0.0,False,False,False,False
Hot_Dogs,1.0,1.0,0.0,False,False,False,False
Hot_Dogs,0.0,1.0,-1.0,False,False,False,False
Hot_Dogs,0.0,1.0,-1.0,False,False,False,False
Hot_Dogs,1.0,1.0,0.0,False,False,False,False
Hot_Dogs,1.0,1.0,0.0,False,False,False,False
Hot_Dogs,1.0,1.0,0.0,False,False,False,False
Hot_Dogs,0.0,1.0,-1.0,False,False,False,False
Hot_Dogs,1.0,1.0,0.0,False,False,False,False
Hot_Dogs,1.0,1.0,0.0,False,False,False,False
Hot_Dogs,1.0,0.0,1.0,False,False,False,False
Hot_Dogs,1.0,0.0,1.0,False,False,False,False
Hot_Dogs,1.0,1.0,0.0,False,False,False,False
Hot_Dogs,0.0,0.0,0.0,True,True,False,False
Hot_Dogs,1.0,1.0,0.0,False,False,False,False
Hot_Dogs,0.0,1.0,-1.0,False,False,False,False
Hot_Dogs,1.0,1.0,0.0,False,False,False,False
Hot_Dogs,1.0,1.0,0.0,False,False,True,False
Hot_Dogs,1.0,1.0,0.0,False,False,False,False
Hot_Dogs,1.0,1.0,0.0,False,False,False,False
Hot_Dogs,0.0,0.0,0.0,False,False,False,False
Ice_Cream_Hard_Serve,1.0,0.0,1.0,False,False,True,False
Ice_Cream_Hard_Serve,0.0,1.0,-1.0,False,False,False,False
Ice_Cream_Hard_Serve,0.0,1.0,-1.0,False,False,False,False
Ice_Cream_Hard_Serve,1.0,1.0,0.0,True,True,False,False
Ice_Cream_Hard_Serve,0.0,1.0,-1.0,False,False,False,False
Ice_Cream_Hard_Serve,1.0,0.0,1.0,False,False,False,False
Ice_Cream_Hard_Serve,0.0,0.0,0.0,False,False,False,False
Ice_Cream_Hard_Serve,0.0,0.0,0.0,False,False,False,False
Ice_Cream_Hard_Serve,0.0,1.0,-1.0,False,False,False,False
Ice_Cream_Hard_Serve,1.0,1.0,0.0,False,False,True,False
Ice_Cream_Hard_Serve,0.0,0.0,0.0,False,False,False,False
Ice_Cream_Hard_Serve,0.0,1.0,-1.0,False,False,False,False
Ice_Cream_Hard_Serve,1.0,1.0,0.0,False,False,False,False
Ice_Cream_Hard_Serve,0.0,1.0,-1.0,False,False,True,False
Ice_Cream_Hard_Serve,1.0,0.0,1.0,False,False,False,False
Ice_Cream_Hard_Serve,1.0,1.0,0.0,True,True,True,False
Ice_Cream_Hard_Serve,1.0,1.0,0.0,False,False,False,False
Ice_Cream_Hard_Serve,1.0,1.0,0.0,False,False,False,False
Ice_Cream_Hard_Serve,1.0,1.0,0.0,False,False,False,False
Ice_Cream_Hard_Serve,0.0,0.0,0.0,False,False,False,False
Ice_Cream_Hard_Serve,0.0,1.0,-1.0,False,False,False,False
Ice_Cream_Hard_Serve,1.0,1.0,0.0,False,False,False,False
Ice_Cream_Hard_Serve,1.0,0.0,1.0,True,True,False,False
Ice_Cream_Hard_Serve,0.0,0.0,0.0,False,False,False,False
Ice_Cream_Hard_Serve,0.0,0.0,0.0,False,False,False,False
Ice_Cream_Hard_Serve,1.0,1.0,0.0,False,False,False,False
Ice_Cream_Hard_Serve,0.0,1.0,-1.0,False,False,False,False
Ice_Cream_Hard_Serve,1.0,1.0,0.0,False,False,False,False
Ice_Cream_Hard_Serve,1.0,1.0,0.0,False,False,False,False
Ice_Cream_Hard_Serve,0.0,1.0,-1.0,False,False,False,False
Ice_Cream_Hard_Serve,0.0,1.0,-1.0,False,False,False,False
Ice_Cream_Hard_Serve,1.0,1.0,0.0,False,False,False,False
Ice_Cream_Hard_Serve,1.0,1.0,0.0,False,False,False,False
Ice_Cream_Hard_Serve,1.0,1.0,0.0,False,False,False,False
Ice_Cream_Hard_Serve,0.0,1.0,-1.0,False,False,False,False
Ice_Cream_Hard_Serve,1.0,0.0,1.0,False,False,False,False
Ice_Cream_Hard_Serve,0.0,1.0,-1.0,False,False,False,False
Ice_Cream_Hard_Serve,1.0,1.0,0.0,False,False,False,False
Ice_Cream_Hard_Serve,1.0,1.0,0.0,False,False,False,False
Ice_Cream_Hard_Serve,0.0,1.0,-1.0,False,False,False,False
Ice_Cream_Hard_Serve,0.0,1.0,-1.0,False,False,False,False
Ice_Cream_Hard_Serve,1.0,1.0,0.0,False,False,False,False
Ice_Cream_Hard_Serve,0.0,0.0,0.0,False,False,False,False
Ice_Cream_Hard_Serve,0.0,0.0,0.0,False,False,False,False
Ice_Cream_Hard_Serve,1.0,1.0,0.0,False,False,False,False
Meatballs,1.0,0.0,1.0,False,False,True,False
Meatballs,1.0,0.0,1.0,False,False,False,False
Meatballs,0.0,0.0,0.0,False,False,False,False
Meatballs,0.0,0.0,0.0,False,False,False,False
Meatballs,1.0,0.0,1.0,False,False,False,False
Meatballs,0.0,0.0,0.0,False,False,False,False
Meatballs,1.0,0.0,1.0,False,False,False,False
Meatballs,1.0,1.0,0.0,False,False,False,False
Meatballs,1.0,0.0,1.0,False,False,True,False
Meatballs,0.0,0.0,0.0,False,False,False,False
Milk,1.0,0.0,1.0,False,False,False,False
Milk,0.0,1.0,-1.0,False,False,False,False
Milk,1.0,1.0,0.0,False,False,False,False
Milk,0.0,0.0,0.0,False,False,False,False
Milk,0.0,0.0,0.0,False,False,False,False
Milk,1.0,1.0,0.0,False,False,False,False
Milk,1.0,1.0,0.0,False,False,False,False
Milk,1.0,1.0,0.0,False,False,False,False
Milk,1.0,0.0,1.0,False,False,False,False
Milk,0.0,1.0,-1.0,False,False,False,False
Milk,0.0,0.0,0.0,False,False,False,False
Milk,0.0,1.0,-1.0,False,False,False,False
Milk,1.0,0.0,1.0,False,False,False,False
Milk,1.0,0.0,1.0,False,False,False,False
Milk,0.0,1.0,-1.0,False,False,False,False
Milk,1.0,1.0,0.0,False,True,False,True
Milk,1.0,1.0,0.0,False,False,False,False
Milk,1.0,1.0,0.0,False,False,False,False
Milk,1.0,1.0,0.0,False,False,False,False
Milk,1.0,1.0,0.0,False,False,False,False
Milk,0.0,1.0,-1.0,False,False,False,False
Milk,1.0,1.0,0.0,False,False,False,False
Milk,1.0,0.0,1.0,False,False,False,False
Milk,1.0,0.0,1.0,False,True,False,True
Milk,0.0,1.0,-1.0,True,True,False,False
Milk,1.0,1.0,0.0,False,False,False,False
Milk,1.0,1.0,0.0,False,False,False,False
Milk,0.0,1.0,-1.0,False,False,False,False
Milk,1.0,1.0,0.0,False,False,False,False
Milk,1.0,1.0,0.0,True,True,False,False
Milk,0.0,1.0,-1.0,False,False,False,False
Milk,0.0,1.0,-1.0,False,False,False,False
Milk,0.0,1.0,-1.0,False,False,False,False
Milk,1.0,1.0,0.0,True,True,False,False
Milk,1.0,1.0,0.0,False,False,False,False
Milk,0.0,1.0,-1.0,False,False,False,False
Milk,1.0,0.0,1.0,False,False,False,False
Milk,1.0,0.0,1.0,False,False,False,False
Milk,0.0,1.0,-1.0,False,False,False,False
Milk,1.0,1.0,0.0,False,False,False,False
Milk,0.0,1.0,-1.0,False,False,False,False
Milk,1.0,1.0,0.0,False,False,False,False
Milk,1.0,0.0,1.0,False,False,False,False
Milk,1.0,1.0,0.0,False,False,False,False
Milk,0.0,0.0,0.0,False,False,False,False
Milk,1.0,0.0,1.0,False,False,False,False
Milk,1.0,1.0,0.0,False,False,False,False
Milk,1.0,1.0,0.0,False,False,False,False
Milk,1.0,1.0,0.0,False,False,False,False
Milk,1.0,1.0,0.0,False,False,False,False
Milk,1.0,1.0,0.0,False,False,False,False
Milk,1.0,0.0,1.0,True,True,False,False
Milk,1.0,1.0,0.0,False,False,False,False
Milk,1.0,1.0,0.0,False,False,False,False
Milk,0.0,1.0,-1.0,False,False,False,False
Milk,1.0,1.0,0.0,False,False,False,False
Milk,1.0,0.0,1.0,True,True,False,False
Milk,1.0,0.0,1.0,False,False,False,False
Milk,1.0,0.0,1.0,False,False,False,False
Milk,1.0,1.0,0.0,False,False,False,False
Milk,1.0,1.0,0.0,False,False,False,False
Milk,1.0,1.0,0.0,False,False,False,False
Milk,0.0,1.0,-1.0,False,False,False,False
Milk,1.0,1.0,0.0,False,False,False,False
Milk,1.0,0.0,1.0,False,False,False,False
Milk,1.0,0.0,1.0,False,False,False,False
Milk,1.0,1.0,0.0,False,False,False,False
Milk,1.0,1.0,0.0,True,True,False,False
Milk,1.0,0.0,1.0,False,True,False,True
Milk,1.0,1.0,0.0,False,False,False,False
Milk,1.0,1.0,0.0,True,True,False,False
Milk,1.0,1.0,0.0,False,False,False,False
Milk,0.0,1.0,-1.0,False,False,False,False
Milk,1.0,1.0,0.0,False,False,False,False
Milk,1.0,1.0,0.0,False,False,False,False
Milk,1.0,1.0,0.0,False,False,False,False
Milk,0.0,1.0,-1.0,True,True,False,False
Milk,0.0,1.0,-1.0,False,False,False,False
Milk,0.0,0.0,0.0,False,False,False,False
Milk,1.0,0.0,1.0,False,False,False,False
Milk,1.0,1.0,0.0,False,False,False,False
Milk,1.0,1.0,0.0,True,True,False,False
Milk,1.0,0.0,1.0,True,True,False,False
Milk,0.0,0.0,0.0,False,False,False,False
Milk,0.0,1.0,-1.0,False,False,False,False
Milk,1.0,1.0,0.0,False,False,False,False
Milk,1.0,0.0,1.0,False,False,False,False
Milk,1.0,0.0,1.0,False,False,False,False
Milk,1.0,1.0,0.0,True,True,True,False
Milk,1.0,0.0,1.0,False,False,False,False
Milk,0.0,1.0,-1.0,False,False,False,False
Milk,1.0,0.0,1.0,False,False,False,False
Milk,1.0,1.0,0.0,False,False,False,False
Milk,1.0,1.0,0.0,False,False,False,False
Milk,1.0,1.0,0.0,False,False,False,False
Milk,1.0,0.0,1.0,True,True,False,False
Milk,0.0,1.0,-1.0,False,False,False,False
Milk,0.0,1.0,-1.0,False,False,False,False
Milk,1.0,1.0,0.0,True,True,False,False
Milk,0.0,1.0,-1.0,False,False,False,False
Milk,1.0,0.0,1.0,False,False,False,False
Milk,1.0,0.0,1.0,False,False,False,False
Milk,1.0,1.0,0.0,False,False,True,False
Milk,1.0,0.0,1.0,False,False,False,False
Milk,0.0,1.0,-1.0,False,False,False,False
Milk,0.0,1.0,-1.0,False,False,False,False
Milk,1.0,0.0,1.0,True,True,False,False
Milk,1.0,1.0,0.0,False,False,False,False
Milk,0.0,1.0,-1.0,False,False,False,False
Milk,1.0,1.0,0.0,False,False,False,False
Milk,0.0,1.0,-1.0,False,False,False,False
Milk,1.0,0.0,1.0,False,False,False,False
Milk,1.0,1.0,0.0,False,False,False,False
Milk,1.0,1.0,0.0,False,False,False,False
Milk,0.0,1.0,-1.0,False,True,False,True
Milk,1.0,1.0,0.0,False,False,False,False
Milk,1.0,1.0,0.0,False,False,False,False
Milk,0.0,1.0,-1.0,False,False,False,False
Milk,1.0,0.0,1.0,False,False,False,False
Milk,0.0,1.0,-1.0,False,False,False,False
Milk,1.0,0.0,1.0,True,True,False,False
Milk,1.0,1.0,0.0,False,False,False,False
Milk,1.0,1.0,0.0,False,False,False,False
Milk,1.0,1.0,0.0,False,False,False,False
Milk,1.0,0.0,1.0,False,False,False,False
Milk,0.0,1.0,-1.0,True,True,False,False
Milk,1.0,1.0,0.0,False,False,False,False
Milk,0.0,1.0,-1.0,False,False,False,False
Milk,1.0,0.0,1.0,False,False,False,False
Milk,1.0,0.0,1.0,True,True,False,False
Milk,0.0,1.0,-1.0,False,False,False,False
Milk,0.0,0.0,0.0,False,False,False,False
Milk,1.0,1.0,0.0,False,False,False,False
Milk,1.0,1.0,0.0,True,True,False,False
Milk,0.0,1.0,-1.0,False,False,False,False
Milk,1.0,1.0,0.0,True,True,False,False
Milk,1.0,0.0,1.0,False,False,False,False
Milk,1.0,1.0,0.0,False,False,False,False
Milk,0.0,0.0,0.0,False,False,False,False
Milk,1.0,1.0,0.0,False,False,False,False
Milk,1.0,0.0,1.0,False,False,False,False
Milk,1.0,1.0,0.0,False,False,False,False
Milk,1.0,1.0,0.0,False,False,False,False
Milk,0.0,1.0,-1.0,False,False,False,False
Milk,1.0,1.0,0.0,False,False,False,False
Milk,1.0,0.0,1.0,False,False,False,False
Milk,1.0,1.0,0.0,False,False,False,False
Milk,0.0,1.0,-1.0,False,False,False,False
Milk,1.0,1.0,0.0,True,True,False,False
Milk,0.0,1.0,-1.0,True,True,False,False
Milk,1.0,0.0,1.0,True,True,False,False
Milk,1.0,1.0,0.0,True,True,False,False
Milk,1.0,0.0,1.0,False,False,False,False
Mozzarella,0.0,0.0,0.0,False,False,False,False
Mozzarella,1.0,0.0,1.0,False,False,False,False
Mozzarella,1.0,0.0,1.0,False,False,False,False
Mozzarella,1.0,0.0,1.0,True,True,False,False
Mozzarella,1.0,0.0,1.0,True,True,True,False
Mozzarella,0.0,0.0,0.0,False,False,False,False
Mozzarella,0.0,0.0,0.0,False,False,False,False
Mozzarella,1.0,1.0,0.0,False,True,False,True
Mozzarella,1.0,0.0,1.0,False,False,False,False
Mozzarella,1.0,1.0,0.0,False,False,True,False
Mozzarella,1.0,1.0,0.0,False,False,False,False
Mozzarella,0.0,0.0,0.0,False,False,False,False
Mozzarella,1.0,0.0,1.0,False,False,True,False
Mozzarella,1.0,1.0,0.0,False,False,False,False
Mozzarella,0.0,0.0,0.0,False,False,False,False
Mozzarella,0.0,0.0,0.0,True,True,False,False
Mozzarella,0.0,0.0,0.0,False,False,False,False
Mozzarella,1.0,1.0,0.0,False,False,False,False
Mozzarella,1.0,0.0,1.0,False,False,True,False
Mozzarella,0.0,0.0,0.0,False,False,False,False
Mozzarella,0.0,0.0,0.0,False,False,False,False
Mozzarella,0.0,0.0,0.0,False,False,False,False
Mozzarella,0.0,0.0,0.0,False,False,False,False
Mozzarella,1.0,1.0,0.0,False,False,False,False
Mozzarella,1.0,0.0,1.0,False,False,False,False
Mozzarella,1.0,0.0,1.0,False,False,False,False
Mozzarella,1.0,0.0,1.0,False,False,True,False
Mozzarella,1.0,0.0,1.0,False,False,True,False
Nuggets,0.0,1.0,-1.0,False,False,True,False
Nuggets,1.0,0.0,1.0,False,False,False,False
Nuggets,0.0,1.0,-1.0,False,False,False,False
Nuggets,1.0,0.0,1.0,False,False,False,False
Nuggets,0.0,1.0,-1.0,False,False,False,False
Nuggets,1.0,0.0,1.0,True,True,False,False
Nuggets,1.0,1.0,0.0,False,False,False,False
Nuggets,0.0,0.0,0.0,True,True,False,False
Nuggets,0.0,0.0,0.0,False,False,False,False
Nuggets,1.0,0.0,1.0,True,True,True,False
Nuggets,0.0,0.0,0.0,False,False,False,False
Nuggets,1.0,1.0,0.0,False,False,False,False
Nuggets,1.0,0.0,1.0,False,False,False,False
Nuggets,1.0,1.0,0.0,True,True,True,False
Nuggets,0.0,0.0,0.0,True,True,True,True
Nuggets,0.0,0.0,0.0,False,False,False,False
Nuggets,1.0,0.0,1.0,False,False,False,False
Nuggets,1.0,1.0,0.0,True,True,False,False
Nuggets,1.0,0.0,1.0,False,False,False,False
Nuggets,0.0,0.0,0.0,False,False,False,False
Nuggets,1.0,1.0,0.0,False,False,False,False
Nuggets,0.0,0.0,0.0,False,False,False,False
Nuggets,1.0,1.0,0.0,True,True,False,False
Nuggets,1.0,1.0,0.0,False,False,False,False
Nuggets,0.0,0.0,0.0,False,False,False,False
Nuggets,1.0,0.0,1.0,True,True,True,True
Nuggets,0.0,1.0,-1.0,False,False,True,False
Nuggets,0.0,1.0,-1.0,False,False,False,False
Nuggets,0.0,0.0,0.0,False,False,False,False
Nuggets,0.0,0.0,0.0,False,False,False,False
Nuggets,0.0,0.0,0.0,False,False,False,False
Nuggets,1.0,0.0,1.0,False,False,False,False
Nuggets,1.0,0.0,1.0,False,False,False,False
Nuggets,1.0,0.0,1.0,False,False,False,False
Nuggets,1.0,0.0,1.0,False,False,False,False
Nuggets,0.0,0.0,0.0,False,False,False,False
Nuggets,0.0,1.0,-1.0,False,False,False,False
Nuggets,1.0,1.0,0.0,False,False,False,False
Nuggets,1.0,0.0,1.0,True,True,True,False
Nuggets,1.0,0.0,1.0,True,True,True,False
Nuggets,0.0,1.0,-1.0,False,False,True,False
Nuggets,1.0,0.0,1.0,False,False,True,False
Nuggets,1.0,0.0,1.0,False,False,False,False
Nuggets,1.0,0.0,1.0,False,False,False,False
Nuggets,1.0,1.0,0.0,True,True,True,True
Pulled_Pork,0.0,0.0,0.0,False,False,False,False
Pulled_Pork,1.0,1.0,0.0,False,False,False,False
Pulled_Pork,1.0,0.0,1.0,False,False,False,False
Pulled_Pork,0.0,1.0,-1.0,False,False,False,False
Pulled_Pork,1.0,0.0,1.0,False,False,False,False
Pulled_Pork,1.0,0.0,1.0,False,False,False,False
Pulled_Pork,0.0,0.0,0.0,False,False,False,False
Pulled_Pork,1.0,1.0,0.0,False,False,False,False
Pulled_Pork,0.0,0.0,0.0,False,False,False,False
Pulled_Pork,1.0,1.0,0.0,False,False,False,False
Pulled_Pork,1.0,0.0,1.0,False,False,False,False
Pulled_Pork,0.0,0.0,0.0,False,False,False,False
Pulled_Pork,1.0,0.0,1.0,False,False,False,False
Pulled_Pork,0.0,0.0,0.0,False,True,False,True
Pulled_Pork,0.0,0.0,0.0,False,False,False,False
Pulled_Pork,1.0,1.0,0.0,False,False,False,False
Pulled_Pork,1.0,1.0,0.0,False,False,False,False
Pulled_Pork,1.0,0.0,1.0,True,True,False,False
Pulled_Pork,1.0,0.0,1.0,False,False,False,False
Pulled_Pork,1.0,0.0,1.0,False,False,False,False
Pulled_Pork,1.0,1.0,0.0,False,False,False,False
Sour_Cream,0.0,1.0,-1.0,False,False,False,False
Sour_Cream,1.0,0.0,1.0,False,False,False,False
Sour_Cream,0.0,0.0,0.0,False,False,False,False
Sour_Cream,0.0,0.0,0.0,False,False,False,False
Sour_Cream,0.0,0.0,0.0,False,False,True,False
Sour_Cream,1.0,1.0,0.0,False,False,False,False
Sour_Cream,1.0,1.0,0.0,False,False,False,False
Sour_Cream,1.0,1.0,0.0,False,False,False,False
Sour_Cream,1.0,0.0,1.0,False,False,False,False
Sour_Cream,1.0,1.0,0.0,False,False,False,False
Steak,1.0,0.0,1.0,False,False,False,False
Steak,1.0,1.0,0.0,True,True,False,False
Steak,1.0,1.0,0.0,False,False,False,False
Steak,0.0,1.0,-1.0,False,False,False,False
Steak,1.0,1.0,0.0,False,False,False,False
Steak,1.0,1.0,0.0,False,False,False,False
Steak,0.0,0.0,0.0,False,False,False,False
Steak,1.0,1.0,0.0,False,False,False,False
Steak,1.0,1.0,0.0,False,False,False,False
Steak,1.0,1.0,0.0,False,False,False,False
Steak,1.0,0.0,1.0,True,True,False,False
Steak,1.0,1.0,0.0,False,False,False,False
Steak,1.0,0.0,1.0,False,False,False,False
Steak,1.0,0.0,1.0,True,True,False,False
Steak,0.0,1.0,-1.0,False,False,False,False
Steak,0.0,0.0,0.0,False,False,False,False
Steak,1.0,1.0,0.0,False,False,False,False
Steak,0.0,0.0,0.0,False,False,False,False
Steak,1.0,1.0,0.0,True,True,False,False
Steak,1.0,1.0,0.0,False,False,False,False
Steak,1.0,0.0,1.0,False,False,False,False
Steak,1.0,0.0,1.0,False,False,False,False
Steak,1.0,1.0,0.0,False,False,False,False
Steak,1.0,0.0,1.0,False,False,False,False
Steak,1.0,0.0,1.0,True,True,False,False
Steak,1.0,1.0,0.0,False,False,False,False
Steak,1.0,1.0,0.0,False,False,False,False
Steak,0.0,1.0,-1.0,False,False,False,False
Steak,1.0,0.0,1.0,False,False,False,False
Steak,1.0,1.0,0.0,False,False,False,False
Steak,1.0,1.0,0.0,False,False,False,False
Steak,1.0,0.0,1.0,False,False,False,False
Steak,1.0,0.0,1.0,False,False,False,False
Steak,0.0,0.0,0.0,False,False,False,False
Steak,1.0,1.0,0.0,False,False,False,False
Steak,1.0,0.0,1.0,False,False,False,False
Unbreaded_Chicken_Breast,0.0,1.0,-1.0,False,False,False,False
Unbreaded_Chicken_Breast,1.0,1.0,0.0,False,True,False,True
Unbreaded_Chicken_Breast,1.0,0.0,1.0,False,False,False,False
Unbreaded_Chicken_Breast,0.0,1.0,-1.0,False,False,False,False
Unbreaded_Chicken_Breast,0.0,1.0,-1.0,False,False,False,False
Unbreaded_Chicken_Breast,1.0,1.0,0.0,False,False,False,False
Unbreaded_Chicken_Breast,1.0,1.0,0.0,False,False,False,False
Unbreaded_Chicken_Breast,1.0,0.0,1.0,False,False,False,False
Unbreaded_Chicken_Breast,1.0,1.0,0.0,False,False,False,False
Unbreaded_Chicken_Breast,0.0,1.0,-1.0,False,False,False,False
Unbreaded_Chicken_Breast,1.0,0.0,1.0,False,False,False,False
Unbreaded_Chicken_Breast,1.0,1.0,0.0,False,False,False,False
Unbreaded_Chicken_Breast,0.0,0.0,0.0,False,False,False,False
Unbreaded_Chicken_Breast,0.0,0.0,0.0,False,False,False,False
Unbreaded_Chicken_Breast,1.0,0.0,1.0,False,False,False,False
Unbreaded_Chicken_Breast,1.0,0.0,1.0,False,False,False,False
Unbreaded_Chicken_Breast,1.0,1.0,0.0,False,False,False,False
Unbreaded_Chicken_Breast,1.0,1.0,0.0,True,True,False,False
Unbreaded_Chicken_Breast,1.0,0.0,1.0,False,False,False,False
Unbreaded_Chicken_Breast,1.0,1.0,0.0,False,False,False,False
Unbreaded_Chicken_Breast,1.0,0.0,1.0,False,False,False,False
Unbreaded_Chicken_Breast,1.0,1.0,0.0,False,False,True,False
Unbreaded_Chicken_Breast,1.0,0.0,1.0,False,False,True,False
Unbreaded_Chicken_Breast,1.0,1.0,0.0,True,True,False,False
Unbreaded_Chicken_Breast,0.0,1.0,-1.0,False,False,False,False
Unbreaded_Chicken_Breast,1.0,0.0,1.0,False,False,False,False
Unbreaded_Chicken_Breast,1.0,1.0,0.0,False,False,False,False
Unbreaded_Chicken_Breast,1.0,1.0,0.0,False,False,False,False
Unbreaded_Chicken_Breast,1.0,0.0,1.0,False,False,True,False
Unbreaded_Chicken_Breast,1.0,0.0,1.0,False,False,False,False
Unbreaded_Chicken_Breast,1.0,1.0,0.0,False,False,False,False
Unbreaded_Chicken_Breast,1.0,0.0,1.0,False,False,False,False
Unbreaded_Chicken_Breast,0.0,1.0,-1.0,False,False,True,False
Unbreaded_Chicken_Breast,0.0,1.0,-1.0,True,True,False,False
Unbreaded_Chicken_Breast,1.0,1.0,0.0,False,False,False,False
Unbreaded_Chicken_Breast,0.0,0.0,0.0,False,False,False,False
Unbreaded_Chicken_Breast,1.0,1.0,0.0,False,False,False,False
Unbreaded_Chicken_Breast,0.0,1.0,-1.0,False,False,False,False
Unbreaded_Chicken_Breast,1.0,0.0,1.0,False,False,True,False
Unbreaded_Chicken_Breast,1.0,1.0,0.0,False,False,False,False
Unbreaded_Chicken_Breast,1.0,0.0,1.0,False,False,False,False
Unbreaded_Chicken_Breast,1.0,0.0,1.0,True,True,True,False
Unbreaded_Chicken_Breast,0.0,1.0,-1.0,False,False,True,False
Unbreaded_Chicken_Breast,1.0,1.0,0.0,False,False,False,False
Unbreaded_Chicken_Breast,1.0,1.0,0.0,False,False,False,False
Yogurt,1.0,0.0,1.0,False,False,False,False
Yogurt,0.0,0.0,0.0,False,False,False,False
Yogurt,1.0,0.0,1.0,False,False,False,False
Yogurt,1.0,0.0,1.0,False,False,True,False
Yogurt,1.0,1.0,0.0,False,False,False,False
Yogurt,1.0,0.0,1.0,False,False,False,False
Yogurt,0.0,0.0,0.0,False,False,False,False
Yogurt,0.0,0.0,0.0,False,False,False,False
Yogurt,0.0,0.0,0.0,False,False,False,False
Yogurt,0.0,0.0,0.0,False,False,False,False
Yogurt,1.0,0.0,1.0,False,False,False,False
Yogurt,0.0,0.0,0.0,False,False,False,False
Yogurt,0.0,0.0,0.0,False,False,False,False
Yogurt,0.0,0.0,0.0,False,False,False,False
Yogurt,1.0,1.0,0.0,False,False,False,False
